symbol,date,open,high,low,close,volume
SGOV,2020-05-28,100.02,100.02,100.01,100.01,366
SGOV,2020-05-29,100.02,100.02,100.01,100.01,9758
SGOV,2020-06-01,100.02,100.02,100.01,100.01,1600
SGOV,2020-06-02,100.02,100.02,100.013,100.013,3957
SGOV,2020-06-03,100.015,100.015,100.015,100.015,57
SGOV,2020-06-04,100.0,100.021,100.0,100.015,2403
SGOV,2020-06-05,100.02,100.02,100.01,100.01,370
SGOV,2020-06-08,100.01,100.01,100.01,100.01,1
SGOV,2020-06-09,100.01,100.01,100.01,100.01,110
SGOV,2020-06-10,100.02,100.02,100.015,100.015,12306
SGOV,2020-06-11,100.02,100.03,100.015,100.015,7587104
SGOV,2020-06-12,100.01,100.02,100.01,100.015,4888
SGOV,2020-06-15,100.02,100.02,100.015,100.015,8504
SGOV,2020-06-16,100.015,100.015,100.015,100.015,36
SGOV,2020-06-17,100.03,100.03,100.015,100.02,4569
SGOV,2020-06-18,100.03,100.03,100.02,100.024,19588
SGOV,2020-06-19,100.025,100.029,100.02,100.025,5627
SGOV,2020-06-22,100.03,100.03,100.01,100.02,22478
SGOV,2020-06-23,100.03,100.03,100.02,100.02,1484
SGOV,2020-06-24,100.01,100.03,100.01,100.02,17125
SGOV,2020-06-25,100.02,100.02,100.01,100.02,10711
SGOV,2020-06-26,100.03,100.03,100.01,100.015,51198
SGOV,2020-06-29,100.025,100.025,100.0201,100.025,3741
SGOV,2020-06-30,100.025,100.025,100.025,100.025,702
SGOV,2020-07-01,100.02,100.02,100.015,100.015,15100
SGOV,2020-07-02,100.02,100.03,100.02,100.021,5266
SGOV,2020-07-06,100.015,100.02,100.015,100.015,2408
SGOV,2020-07-07,100.011,100.02,100.011,100.015,3946
SGOV,2020-07-08,100.02,100.03,100.015,100.015,18700
SGOV,2020-07-09,100.03,100.03,100.025,100.025,366
SGOV,2020-07-10,100.03,100.03,100.025,100.029,26446
SGOV,2020-07-13,100.03,100.03,100.025,100.025,1000
SGOV,2020-07-14,100.02,100.03,100.01,100.02,6477
SGOV,2020-07-15,100.03,100.03,100.016,100.02,9121
SGOV,2020-07-16,100.03,100.03,100.01,100.02,14736
SGOV,2020-07-17,100.03,100.03,100.02,100.02,18290
SGOV,2020-07-20,100.03,100.03,100.02,100.03,1198
SGOV,2020-07-21,100.03,100.03,100.01,100.02,157239
SGOV,2020-07-22,100.03,100.03,100.01,100.02,9021
SGOV,2020-07-23,100.02,100.03,100.01,100.02,10639
SGOV,2020-07-24,100.02,100.03,100.02,100.02,1411
SGOV,2020-07-27,100.03,100.03,100.02,100.02,23857
SGOV,2020-07-28,100.03,100.03,100.01,100.02,15995
SGOV,2020-07-29,100.03,100.03,100.02,100.025,1588
SGOV,2020-07-30,100.03,100.04,100.01,100.02,17033
SGOV,2020-07-31,100.03,100.03,100.025,100.025,1434
SGOV,2020-08-03,100.015,100.015,100.015,100.015,283
SGOV,2020-08-04,100.02,100.02,100.01,100.015,1434
SGOV,2020-08-05,100.01,100.02,100.01,100.015,12783
SGOV,2020-08-06,100.01,100.02,100.01,100.015,21503
SGOV,2020-08-07,100.02,100.03,100.02,100.02,10012
SGOV,2020-08-10,100.02,100.02,100.0,100.015,25564
SGOV,2020-08-11,100.02,100.02,100.015,100.015,20640
SGOV,2020-08-12,100.01,100.03,100.01,100.02,291280
SGOV,2020-08-13,100.018,100.02,100.018,100.02,639
SGOV,2020-08-14,100.03,100.03,100.025,100.025,28674
SGOV,2020-08-17,100.03,100.03,100.02,100.025,44700
SGOV,2020-08-18,100.03,100.03,100.01,100.02,8255
SGOV,2020-08-19,100.03,100.03,100.027,100.027,2917
SGOV,2020-08-20,100.03,100.03,100.02,100.02,2954
SGOV,2020-08-21,100.01,100.03,100.01,100.02,11476
SGOV,2020-08-24,100.03,100.03,100.02,100.02,11264
SGOV,2020-08-25,100.02,100.03,100.0125,100.0249,6696
SGOV,2020-08-26,100.0102,100.03,100.01,100.01,26027
SGOV,2020-08-27,100.01,100.03,100.01,100.03,61677
SGOV,2020-08-28,100.02,100.03,100.02,100.02,700
SGOV,2020-08-31,100.02,100.03,100.01,100.02,20517
SGOV,2020-09-01,100.02,100.02,100.0,100.0,43959
SGOV,2020-09-02,100.02,100.02,100.0,100.01,14233
SGOV,2020-09-03,100.018,100.02,100.01,100.015,3241
SGOV,2020-09-04,100.02,100.02,100.015,100.015,470
SGOV,2020-09-08,100.0101,100.02,100.01,100.015,2244
SGOV,2020-09-09,100.02,100.03,100.01,100.02,58575
SGOV,2020-09-10,100.02,100.02,100.01,100.015,1610
SGOV,2020-09-11,100.019,100.02,100.015,100.015,12484
SGOV,2020-09-14,100.011,100.02,100.01,100.015,4917
SGOV,2020-09-15,100.02,100.02,100.01,100.015,14773
SGOV,2020-09-16,100.015,100.02,100.015,100.015,2485
SGOV,2020-09-17,100.02,100.02,100.01,100.015,2986
SGOV,2020-09-18,100.03,100.03,100.01,100.015,761
SGOV,2020-09-21,100.02,100.02,100.015,100.015,58506
SGOV,2020-09-22,100.02,100.02,100.013,100.015,16417
SGOV,2020-09-23,100.02,100.02,100.015,100.015,11416
SGOV,2020-09-24,100.015,100.0199,100.01,100.015,11006
SGOV,2020-09-25,100.02,100.03,100.02,100.02,824
SGOV,2020-09-28,100.025,100.03,100.02,100.02,485225
SGOV,2020-09-29,100.03,100.03,100.02,100.02,3307
SGOV,2020-09-30,100.03,100.03,100.0101,100.02,922
SGOV,2020-10-01,100.02,100.02,100.013,100.015,31114
SGOV,2020-10-02,100.006,100.02,100.0,100.01,14992
SGOV,2020-10-05,100.02,100.02,100.019,100.019,40236
SGOV,2020-10-06,100.019,100.02,100.01,100.015,28073
SGOV,2020-10-07,100.01,100.03,100.01,100.015,59512
SGOV,2020-10-08,100.019,100.02,100.01,100.015,44308
SGOV,2020-10-09,100.0198,100.02,100.015,100.015,11133
SGOV,2020-10-12,100.019,100.02,100.01,100.015,23141
SGOV,2020-10-13,100.01,100.02,100.01,100.015,48377
SGOV,2020-10-14,100.015,100.02,100.015,100.015,17025
SGOV,2020-10-15,100.02,100.05,100.015,100.015,115644
SGOV,2020-10-16,100.01,100.02,100.01,100.015,8194
SGOV,2020-10-19,100.02,100.02,100.015,100.015,14641
SGOV,2020-10-20,100.01,100.02,100.01,100.015,11358
SGOV,2020-10-21,100.018,100.02,100.01,100.015,17063
SGOV,2020-10-22,100.019,100.02,100.0145,100.015,16092
SGOV,2020-10-23,100.0284,100.03,100.0198,100.02,15194
SGOV,2020-10-26,100.0191,100.03,100.0191,100.02,3447
SGOV,2020-10-27,100.015,100.03,100.01,100.02,7747
SGOV,2020-10-28,100.02,100.03,100.0171,100.02,6107
SGOV,2020-10-29,100.0156,100.03,100.012,100.02,2114
SGOV,2020-10-30,100.0219,100.03,100.01,100.02,4983
SGOV,2020-11-02,100.015,100.02,100.0139,100.0195,2120
SGOV,2020-11-03,100.02,100.02,100.015,100.015,4187
SGOV,2020-11-04,100.02,100.02,100.015,100.015,500
SGOV,2020-11-05,100.0136,100.02,100.0136,100.015,2272
SGOV,2020-11-06,100.019,100.02,100.015,100.015,2962
SGOV,2020-11-09,100.015,100.02,100.0101,100.0195,11195
SGOV,2020-11-10,100.015,100.02,100.015,100.015,1972
SGOV,2020-11-11,100.018,100.02,100.015,100.015,8740
SGOV,2020-11-12,100.015,100.02,100.015,100.015,3272
SGOV,2020-11-13,100.01,100.02,100.01,100.015,35524
SGOV,2020-11-16,100.019,100.02,100.01,100.015,5833
SGOV,2020-11-17,100.015,100.02,100.01,100.015,2074
SGOV,2020-11-18,100.016,100.0211,100.01,100.02,782660
SGOV,2020-11-19,100.01,100.03,100.01,100.015,190051
SGOV,2020-11-20,100.0173,100.03,100.01,100.015,7948
SGOV,2020-11-23,100.025,100.025,100.01,100.02,4289
SGOV,2020-11-24,100.029,100.03,100.01,100.02,11667
SGOV,2020-11-25,100.028,100.028,100.01,100.01,4599
SGOV,2020-11-27,100.03,100.03,100.02,100.02,7869
SGOV,2020-11-30,100.01,100.029,100.01,100.02,8586
SGOV,2020-12-01,100.0102,100.02,100.01,100.01,9851
SGOV,2020-12-02,100.01,100.02,100.01,100.01,9886
SGOV,2020-12-03,100.01,100.02,100.01,100.015,23137
SGOV,2020-12-04,100.01,100.02,100.01,100.015,15148
SGOV,2020-12-07,100.011,100.02,100.01,100.01,44526
SGOV,2020-12-08,100.02,100.02,100.01,100.01,65891
SGOV,2020-12-09,100.011,100.02,100.01,100.01,7912
SGOV,2020-12-10,100.02,100.03,100.01,100.015,35648
SGOV,2020-12-11,100.018,100.02,100.01,100.015,32609
SGOV,2020-12-14,100.02,100.03,100.01,100.015,46369
SGOV,2020-12-15,100.02,100.03,100.01,100.015,82626
SGOV,2020-12-16,100.02,100.03,100.02,100.025,6560
SGOV,2020-12-17,100.011,100.02,100.01,100.015,13079
SGOV,2020-12-18,100.02,100.02,100.01,100.015,73268
SGOV,2020-12-21,100.01,100.02,100.01,100.015,36189
SGOV,2020-12-22,100.01,100.02,100.01,100.015,80043
SGOV,2020-12-23,100.02,100.02,100.01,100.01,48164
SGOV,2020-12-24,100.015,100.02,100.01,100.01,22289
SGOV,2020-12-28,100.011,100.02,100.01,100.01,46428
SGOV,2020-12-29,100.0199,100.02,100.01,100.01,47333
SGOV,2020-12-30,100.0199,100.02,100.011,100.015,3730
SGOV,2020-12-31,100.01,100.0199,100.01,100.015,47174
SGOV,2021-01-04,100.02,100.02,100.01,100.015,74563
SGOV,2021-01-05,100.015,100.02,100.01,100.015,4443
SGOV,2021-01-06,100.02,100.02,100.01,100.01,15175
SGOV,2021-01-07,100.02,100.02,100.01,100.015,42159
SGOV,2021-01-08,100.011,100.019,100.01,100.015,38974
SGOV,2021-01-11,100.01,100.02,100.01,100.015,21868
SGOV,2021-01-12,100.0102,100.02,100.01,100.015,19018
SGOV,2021-01-13,100.02,100.02,100.01,100.01,9377
SGOV,2021-01-14,100.011,100.02,100.01,100.01,67385
SGOV,2021-01-15,100.015,100.02,100.01,100.015,19151
SGOV,2021-01-19,100.01,100.02,100.01,100.01,125013
SGOV,2021-01-20,100.015,100.02,100.01,100.015,154058
SGOV,2021-01-21,100.018,100.02,100.015,100.015,21647
SGOV,2021-01-22,100.02,100.02,100.01,100.015,63233
SGOV,2021-01-25,100.015,100.02,100.01,100.02,68025
SGOV,2021-01-26,100.015,100.02,100.01,100.02,62516
SGOV,2021-01-27,100.015,100.02,100.0105,100.02,101927
SGOV,2021-01-28,100.02,100.02,100.0107,100.02,21455
SGOV,2021-01-29,100.02,100.02,100.01,100.02,40386
SGOV,2021-02-01,100.012,100.02,100.01,100.015,68821
SGOV,2021-02-02,100.01,100.02,100.01,100.01,54191
SGOV,2021-02-03,100.02,100.02,100.01,100.01,56038
SGOV,2021-02-04,100.02,100.02,100.01,100.01,136884
SGOV,2021-02-05,100.02,100.02,100.01,100.015,71511
SGOV,2021-02-08,100.02,100.02,100.01,100.015,106676
SGOV,2021-02-09,100.02,100.02,100.01,100.01,34121
SGOV,2021-02-10,100.02,100.02,100.01,100.015,47559
SGOV,2021-02-11,100.015,100.02,100.01,100.015,76379
SGOV,2021-02-12,100.02,100.02,100.01,100.015,29717
SGOV,2021-02-16,100.01,100.02,100.01,100.015,28730
SGOV,2021-02-17,100.01,100.02,100.01,100.01,47910
SGOV,2021-02-18,100.02,100.02,100.01,100.015,65675
SGOV,2021-02-19,100.02,100.02,100.01,100.015,25326
SGOV,2021-02-22,100.015,100.02,100.01,100.015,28552
SGOV,2021-02-23,100.01,100.02,100.01,100.015,48183
SGOV,2021-02-24,100.01,100.02,100.01,100.02,67535
SGOV,2021-02-25,100.02,100.02,100.01,100.01,52144
SGOV,2021-02-26,100.015,100.02,100.01,100.015,33680
SGOV,2021-03-01,100.02,100.03,100.02,100.03,19891
SGOV,2021-03-02,100.015,100.03,100.01,100.03,199567
SGOV,2021-03-03,100.03,100.03,100.01,100.01,29518
SGOV,2021-03-04,100.02,100.03,100.01,100.02,16277
SGOV,2021-03-05,100.01,100.025,100.01,100.02,13434
SGOV,2021-03-08,100.01,100.02,100.01,100.02,30035
SGOV,2021-03-09,100.02,100.02,100.0109,100.015,24620
SGOV,2021-03-10,100.02,100.02,100.01,100.02,17773
SGOV,2021-03-11,100.02,100.0277,100.0113,100.015,14567
SGOV,2021-03-12,100.03,100.03,100.01,100.015,19786
SGOV,2021-03-15,100.0157,100.02,100.01,100.02,16829
SGOV,2021-03-16,100.02,100.03,100.02,100.025,12511
SGOV,2021-03-17,100.03,100.03,100.02,100.025,5663
SGOV,2021-03-18,100.03,100.03,100.02,100.02,15925
SGOV,2021-03-19,100.025,100.025,100.02,100.025,12716
SGOV,2021-03-22,100.025,100.03,100.02,100.021,26484
SGOV,2021-03-23,100.025,100.03,100.02,100.028,103173
SGOV,2021-03-24,100.03,100.03,100.02,100.025,41284
SGOV,2021-03-25,100.028,100.0298,100.02,100.02,14452
SGOV,2021-03-26,100.03,100.03,100.02,100.025,20460
SGOV,2021-03-29,100.02,100.03,100.015,100.015,109256
SGOV,2021-03-30,100.025,100.03,100.02,100.025,4316
SGOV,2021-03-31,100.01,100.03,100.01,100.015,67293
SGOV,2021-04-01,100.02,100.03,100.02,100.025,7923
SGOV,2021-04-05,100.02,100.02,100.01,100.02,110626
SGOV,2021-04-06,100.025,100.03,100.02,100.03,24794
SGOV,2021-04-07,100.03,100.03,100.02,100.02,58026
SGOV,2021-04-08,100.03,100.03,100.02,100.03,31434
SGOV,2021-04-09,100.03,100.03,100.02,100.02,13961
SGOV,2021-04-12,100.025,100.03,100.02,100.02,68185
SGOV,2021-04-13,100.03,100.03,100.02,100.025,21220
SGOV,2021-04-14,100.02,100.03,100.02,100.025,38403
SGOV,2021-04-15,100.025,100.03,100.02,100.025,52670
SGOV,2021-04-16,100.02,100.03,100.02,100.03,183391
SGOV,2021-04-19,100.02,100.03,100.02,100.03,199861
SGOV,2021-04-20,100.03,100.03,100.02,100.025,83031
SGOV,2021-04-21,100.03,100.03,100.02,100.02,19720
SGOV,2021-04-22,100.025,100.03,100.02,100.03,31257
SGOV,2021-04-23,100.02,100.03,100.02,100.03,29994
SGOV,2021-04-26,100.03,100.03,100.02,100.02,98107
SGOV,2021-04-27,100.03,100.03,100.02,100.02,47161
SGOV,2021-04-28,100.03,100.03,100.02,100.025,21125
SGOV,2021-04-29,100.02,100.03,100.02,100.03,27758
SGOV,2021-04-30,100.025,100.03,100.02,100.03,16230
SGOV,2021-05-03,100.03,100.03,100.02,100.03,65331
SGOV,2021-05-04,100.03,100.03,100.02,100.02,20515
SGOV,2021-05-05,100.0224,100.03,100.02,100.025,27163
SGOV,2021-05-06,100.025,100.025,100.02,100.025,16358
SGOV,2021-05-07,100.03,100.03,100.02,100.022,20247
SGOV,2021-05-10,100.03,100.03,100.02,100.03,39504
SGOV,2021-05-11,100.0299,100.03,100.02,100.02,39348
SGOV,2021-05-12,100.025,100.03,100.02,100.025,28113
SGOV,2021-05-13,100.025,100.03,100.02,100.02,58494
SGOV,2021-05-14,100.03,100.03,100.02,100.025,22274
SGOV,2021-05-17,100.02,100.03,100.02,100.02,10682
SGOV,2021-05-18,100.03,100.03,100.02,100.025,22520
SGOV,2021-05-19,100.03,100.03,100.02,100.02,48450
SGOV,2021-05-20,100.03,100.03,100.02,100.02,40314
SGOV,2021-05-21,100.021,100.0299,100.02,100.02,16299
SGOV,2021-05-24,100.03,100.03,100.02,100.028,11326
SGOV,2021-05-25,100.02,100.03,100.02,100.03,14974
SGOV,2021-05-26,100.025,100.03,100.02,100.025,8063
SGOV,2021-05-27,100.02,100.03,100.02,100.02,13580
SGOV,2021-05-28,100.02,100.03,100.02,100.03,9226
SGOV,2021-06-01,100.02,100.03,100.02,100.025,16311
SGOV,2021-06-02,100.03,100.03,100.02,100.025,17268
SGOV,2021-06-03,100.02,100.03,100.02,100.02,18625
SGOV,2021-06-04,100.025,100.03,100.02,100.02,17627
SGOV,2021-06-07,100.03,100.03,100.02,100.0215,24323
SGOV,2021-06-08,100.03,100.03,100.02,100.0295,22717
SGOV,2021-06-09,100.025,100.03,100.02,100.025,23568
SGOV,2021-06-10,100.025,100.03,100.02,100.025,33608
SGOV,2021-06-11,100.0299,100.03,100.02,100.025,9319
SGOV,2021-06-14,100.03,100.03,100.02,100.025,42173
SGOV,2021-06-15,100.03,100.03,100.0217,100.025,10892
SGOV,2021-06-16,100.03,100.03,100.02,100.025,26622
SGOV,2021-06-17,100.03,100.03,100.02,100.0215,32000
SGOV,2021-06-18,100.0215,100.03,100.01,100.015,16907
SGOV,2021-06-21,100.0199,100.02,100.015,100.015,20957
SGOV,2021-06-22,100.02,100.03,100.02,100.0295,19364
SGOV,2021-06-23,100.03,100.03,100.0162,100.02,55684
SGOV,2021-06-24,100.03,100.03,100.02,100.02,17268
SGOV,2021-06-25,100.0222,100.03,100.02,100.03,21108
SGOV,2021-06-28,100.03,100.03,100.02,100.02,21052
SGOV,2021-06-29,100.021,100.03,100.02,100.025,37723
SGOV,2021-06-30,100.0248,100.03,100.02,100.025,33163
SGOV,2021-07-01,100.02,100.0299,100.02,100.0205,19300
SGOV,2021-07-02,100.029,100.03,100.02,100.0205,4765
SGOV,2021-07-06,100.03,100.03,100.02,100.025,22709
SGOV,2021-07-07,100.03,100.03,100.01,100.02,11660
SGOV,2021-07-08,100.02,100.03,100.02,100.02,33701
SGOV,2021-07-09,100.02,100.03,100.02,100.02,10514
SGOV,2021-07-12,100.03,100.03,100.01,100.02,7983
SGOV,2021-07-13,100.02,100.03,100.02,100.025,15238
SGOV,2021-07-14,100.029,100.03,100.01,100.02,12482
SGOV,2021-07-15,100.01,100.03,100.01,100.02,8398
SGOV,2021-07-16,100.02,100.0251,100.02,100.025,14125
SGOV,2021-07-19,100.025,100.03,100.02,100.025,33291
SGOV,2021-07-20,100.02,100.03,100.02,100.02,211176
SGOV,2021-07-21,100.029,100.03,100.01,100.03,27179
SGOV,2021-07-22,100.02,100.03,100.02,100.025,55624
SGOV,2021-07-23,100.0201,100.03,100.02,100.0295,16633
SGOV,2021-07-26,100.03,100.03,100.02,100.021,32373
SGOV,2021-07-27,100.03,100.03,100.02,100.025,21650
SGOV,2021-07-28,100.03,100.03,100.011,100.03,10416
SGOV,2021-07-29,100.02,100.03,100.01,100.029,36758
SGOV,2021-07-30,100.025,100.03,100.025,100.025,8065
SGOV,2021-08-02,100.01,100.025,100.01,100.015,9508
SGOV,2021-08-03,100.025,100.03,100.02,100.0249,7676
SGOV,2021-08-04,100.03,100.03,100.01,100.03,25790
SGOV,2021-08-05,100.03,100.03,100.0104,100.025,9101
SGOV,2021-08-06,100.01,100.025,100.01,100.025,23055
SGOV,2021-08-09,100.02,100.0277,100.01,100.02,10153
SGOV,2021-08-10,100.03,100.03,100.0101,100.02,7594
SGOV,2021-08-11,100.03,100.03,100.01,100.02,36371
SGOV,2021-08-12,100.01,100.02,100.01,100.015,9783
SGOV,2021-08-13,100.0199,100.03,100.01,100.025,18337
SGOV,2021-08-16,100.029,100.03,100.01,100.03,42321
SGOV,2021-08-17,100.0211,100.0279,100.01,100.01,42321
SGOV,2021-08-18,100.0202,100.03,100.02,100.025,9950
SGOV,2021-08-19,100.025,100.0299,100.02,100.02,12514
SGOV,2021-08-20,100.02,100.03,100.02,100.03,18596
SGOV,2021-08-23,100.0208,100.03,100.02,100.02,46487
SGOV,2021-08-24,100.02,100.0264,100.02,100.025,7663
SGOV,2021-08-25,100.025,100.029,100.02,100.02,16777
SGOV,2021-08-26,100.025,100.03,100.02,100.025,20855
SGOV,2021-08-27,100.025,100.03,100.02,100.025,3807
SGOV,2021-08-30,100.03,100.03,100.02,100.025,14686
SGOV,2021-08-31,100.02,100.03,100.02,100.025,15005
SGOV,2021-09-01,100.028,100.028,100.02,100.025,3706
SGOV,2021-09-02,100.0201,100.027,100.02,100.022,6873
SGOV,2021-09-03,100.03,100.03,100.02,100.025,30805
SGOV,2021-09-07,100.02,100.03,100.02,100.03,110735
SGOV,2021-09-08,100.02,100.03,100.02,100.025,586857
SGOV,2021-09-09,100.03,100.03,100.01,100.017,63889
SGOV,2021-09-10,100.03,100.03,100.0132,100.03,14990
SGOV,2021-09-13,100.03,100.03,100.02,100.025,16616
SGOV,2021-09-14,100.02,100.03,100.01,100.02,25354
SGOV,2021-09-15,100.03,100.03,100.01,100.03,22321
SGOV,2021-09-16,100.02,100.03,100.01,100.03,8200
SGOV,2021-09-17,100.03,100.03,100.02,100.025,25178
SGOV,2021-09-20,100.0227,100.03,100.02,100.0215,91939
SGOV,2021-09-21,100.028,100.03,100.02,100.025,42672
SGOV,2021-09-22,100.03,100.03,100.02,100.025,13355
SGOV,2021-09-23,100.0299,100.03,100.02,100.0205,22430
SGOV,2021-09-24,100.025,100.03,100.02,100.025,28685
SGOV,2021-09-27,100.03,100.03,100.02,100.025,32062
SGOV,2021-09-28,100.025,100.03,100.02,100.02,25879
SGOV,2021-09-29,100.02,100.03,100.02,100.03,41460
SGOV,2021-09-30,100.02,100.03,100.02,100.025,17058
SGOV,2021-10-01,100.03,100.03,100.01,100.015,45759
SGOV,2021-10-04,100.03,100.03,100.02,100.0205,17142
SGOV,2021-10-05,100.0194,100.03,100.01,100.025,274892
SGOV,2021-10-06,100.01,100.02,100.01,100.015,42534
SGOV,2021-10-07,100.015,100.03,100.01,100.015,321985
SGOV,2021-10-08,100.01,100.03,100.01,100.026,22872
SGOV,2021-10-11,100.03,100.03,100.01,100.02,8216
SGOV,2021-10-12,100.024,100.03,100.01,100.02,27790
SGOV,2021-10-13,100.016,100.03,100.01,100.02,51943
SGOV,2021-10-14,100.01,100.03,100.01,100.02,19788
SGOV,2021-10-15,100.0211,100.03,100.0123,100.02,13022
SGOV,2021-10-18,100.03,100.03,100.01,100.029,26579
SGOV,2021-10-19,100.03,100.03,100.01,100.02,10031
SGOV,2021-10-20,100.01,100.0284,100.01,100.02,16083
SGOV,2021-10-21,100.0276,100.03,100.01,100.03,16835
SGOV,2021-10-22,100.01,100.03,100.01,100.026,28568
SGOV,2021-10-25,100.026,100.03,100.01,100.01,29899
SGOV,2021-10-26,100.0273,100.03,100.01,100.02,8356
SGOV,2021-10-27,100.03,100.03,100.01,100.013,56620
SGOV,2021-10-28,100.0192,100.02,100.01,100.015,78399
SGOV,2021-10-29,100.01,100.02,100.01,100.02,25800
SGOV,2021-11-01,100.02,100.02,100.01,100.02,11532
SGOV,2021-11-02,100.02,100.03,100.01,100.03,16828
SGOV,2021-11-03,100.012,100.03,100.01,100.03,32779
SGOV,2021-11-04,100.02,100.03,100.01,100.02,33162
SGOV,2021-11-05,100.0202,100.03,100.01,100.02,25528
SGOV,2021-11-08,100.0292,100.03,100.02,100.025,20888
SGOV,2021-11-09,100.0167,100.03,100.0167,100.02,11848
SGOV,2021-11-10,100.01,100.03,100.01,100.03,17566
SGOV,2021-11-11,100.03,100.03,100.01,100.02,21969
SGOV,2021-11-12,100.01,100.0268,100.01,100.02,9623
SGOV,2021-11-15,100.02,100.03,100.0113,100.02,30271
SGOV,2021-11-16,100.03,100.03,100.01,100.01,25569
SGOV,2021-11-17,100.0123,100.03,100.01,100.02,40180
SGOV,2021-11-18,100.03,100.03,100.01,100.02,30857
SGOV,2021-11-19,100.01,100.03,100.01,100.02,11802
SGOV,2021-11-22,100.03,100.03,100.012,100.02,23162
SGOV,2021-11-23,100.0269,100.03,100.01,100.026,40677
SGOV,2021-11-24,100.0227,100.03,100.02,100.03,124018
SGOV,2021-11-26,100.02,100.03,100.01,100.02,6255
SGOV,2021-11-29,100.02,100.03,100.02,100.025,10396
SGOV,2021-11-30,100.02,100.03,100.01,100.02,30148
SGOV,2021-12-01,100.0226,100.0226,100.01,100.015,31366
SGOV,2021-12-02,100.02,100.02,100.01,100.015,19629
SGOV,2021-12-03,100.0258,100.03,100.01,100.02,62548
SGOV,2021-12-06,100.0101,100.03,100.01,100.02,85743
SGOV,2021-12-07,100.03,100.03,100.0122,100.0179,33273
SGOV,2021-12-08,100.03,100.03,100.01,100.015,80085
SGOV,2021-12-09,100.03,100.03,100.01,100.02,50386
SGOV,2021-12-10,100.0293,100.03,100.0188,100.025,23162
SGOV,2021-12-13,100.03,100.03,100.0101,100.025,19474
SGOV,2021-12-14,100.03,100.03,100.01,100.02,29623
SGOV,2021-12-15,100.03,100.03,100.01,100.02,102835
SGOV,2021-12-16,100.0201,100.03,100.01,100.025,44816
SGOV,2021-12-17,100.01,100.03,100.01,100.0195,29063
SGOV,2021-12-20,100.02,100.02,100.01,100.015,182998
SGOV,2021-12-21,100.01,100.02,100.01,100.019,155311
SGOV,2021-12-22,100.02,100.03,100.01,100.02,58038
SGOV,2021-12-23,100.0298,100.03,100.01,100.029,69142
SGOV,2021-12-27,100.02,100.02,100.01,100.02,18281
SGOV,2021-12-28,100.02,100.02,100.01,100.02,17313
SGOV,2021-12-29,100.01,100.03,100.01,100.015,42237
SGOV,2021-12-30,100.01,100.03,100.01,100.015,72274
SGOV,2021-12-31,100.025,100.03,100.02,100.025,34976
SGOV,2022-01-03,100.0118,100.02,100.01,100.02,28346
SGOV,2022-01-04,100.01,100.02,100.01,100.0105,38305
SGOV,2022-01-05,100.02,100.02,100.01,100.015,29638
SGOV,2022-01-06,100.02,100.03,100.01,100.02,93763
SGOV,2022-01-07,100.02,100.03,100.01,100.025,99910
SGOV,2022-01-10,100.02,100.02,100.01,100.02,49668
SGOV,2022-01-11,100.01,100.02,100.01,100.02,82821
SGOV,2022-01-12,100.01,100.03,100.01,100.0192,56338
SGOV,2022-01-13,100.029,100.03,100.01,100.015,18802
SGOV,2022-01-14,100.03,100.03,100.02,100.025,135303
SGOV,2022-01-18,100.01,100.03,100.01,100.0269,131409
SGOV,2022-01-19,100.02,100.04,100.02,100.025,76113
SGOV,2022-01-20,100.03,100.03,100.0101,100.02,121473
SGOV,2022-01-21,100.02,100.03,100.01,100.02,224268
SGOV,2022-01-24,100.02,100.03,100.01,100.01,377936
SGOV,2022-01-25,100.03,100.03,100.01,100.0218,469495
SGOV,2022-01-26,100.01,100.03,100.01,100.025,374109
SGOV,2022-01-27,100.03,100.03,100.01,100.02,29243
SGOV,2022-01-28,100.03,100.03,100.01,100.0287,175688
SGOV,2022-01-31,100.03,100.03,100.01,100.025,26895
SGOV,2022-02-01,100.0163,100.03,100.01,100.0268,45478
SGOV,2022-02-02,100.01,100.03,100.01,100.02,18216
SGOV,2022-02-03,100.01,100.03,100.01,100.02,459861
SGOV,2022-02-04,100.01,100.02,100.01,100.0187,158333
SGOV,2022-02-07,100.01,100.03,100.01,100.025,191432
SGOV,2022-02-08,100.02,100.03,100.0101,100.0226,8006283
SGOV,2022-02-09,100.03,100.03,100.01,100.025,133267
SGOV,2022-02-10,100.01,100.03,100.01,100.02,231950
SGOV,2022-02-11,100.015,100.03,100.01,100.01,318147
SGOV,2022-02-14,100.03,100.03,100.01,100.02,135184
SGOV,2022-02-15,100.01,100.03,100.01,100.02,377159
SGOV,2022-02-16,100.03,100.03,100.0101,100.03,133808
SGOV,2022-02-17,100.03,100.03,100.02,100.0299,165627
SGOV,2022-02-18,100.01,100.03,100.01,100.03,574769
SGOV,2022-02-22,100.02,100.03,100.02,100.0211,65876
SGOV,2022-02-23,100.02,100.04,100.02,100.03,591538
SGOV,2022-02-24,100.04,100.04,100.02,100.02,476575
SGOV,2022-02-25,100.03,100.04,100.02,100.03,137041
SGOV,2022-02-28,100.02,100.04,100.02,100.03,106768
SGOV,2022-03-01,100.03,100.03,100.01,100.03,193110
SGOV,2022-03-02,100.0166,100.03,100.01,100.02,54985
SGOV,2022-03-03,100.03,100.03,100.02,100.025,225628
SGOV,2022-03-04,100.03,100.04,100.0101,100.03,709019
SGOV,2022-03-07,100.03,100.03,100.02,100.03,370994
SGOV,2022-03-08,100.01,100.04,100.01,100.03,703813
SGOV,2022-03-09,100.02,100.03,100.02,100.02,406878
SGOV,2022-03-10,100.03,100.04,100.02,100.03,250925
SGOV,2022-03-11,100.01,100.03,100.01,100.03,180611
SGOV,2022-03-14,100.02,100.03,100.02,100.03,383516
SGOV,2022-03-15,100.02,100.03,100.02,100.02,190151
SGOV,2022-03-16,100.02,100.04,100.02,100.03,232945
SGOV,2022-03-17,100.03,100.04,100.02,100.03,768545
SGOV,2022-03-18,100.04,100.04,100.02,100.03,428313
SGOV,2022-03-21,100.02,100.04,100.02,100.03,859840
SGOV,2022-03-22,100.04,100.04,100.02,100.035,722877
SGOV,2022-03-23,100.04,100.04,100.03,100.04,315815
SGOV,2022-03-24,100.04,100.04,100.03,100.04,385870
SGOV,2022-03-25,100.04,100.04,100.03,100.03,306136
SGOV,2022-03-28,100.04,100.04,100.03,100.03,174683
SGOV,2022-03-29,100.04,100.04,100.03,100.04,180775
SGOV,2022-03-30,100.05,100.05,100.03,100.05,404584
SGOV,2022-03-31,100.05,100.05,100.0301,100.05,293266
SGOV,2022-04-01,100.03,100.03,100.0143,100.03,206980
SGOV,2022-04-04,100.01,100.03,100.01,100.03,138701
SGOV,2022-04-05,100.03,100.03,100.02,100.0241,87881
SGOV,2022-04-06,100.03,100.03,100.02,100.025,224791
SGOV,2022-04-07,100.03,100.03,100.02,100.03,510796
SGOV,2022-04-08,100.03,100.03,100.02,100.03,215970
SGOV,2022-04-11,100.03,100.03,100.02,100.03,322964
SGOV,2022-04-12,100.03,100.03,100.02,100.03,233507
SGOV,2022-04-13,100.04,100.04,100.025,100.035,135407
SGOV,2022-04-14,100.04,100.04,100.03,100.038,94646
SGOV,2022-04-18,100.04,100.04,100.02,100.04,156407
SGOV,2022-04-19,100.04,100.04,100.03,100.04,215278
SGOV,2022-04-20,100.04,100.04,100.03,100.04,171987
SGOV,2022-04-21,100.04,100.04,100.03,100.04,405125
SGOV,2022-04-22,100.04,100.04,100.03,100.04,490925
SGOV,2022-04-25,100.05,100.05,100.03,100.045,1185592
SGOV,2022-04-26,100.05,100.05,100.03,100.05,1286277
SGOV,2022-04-27,100.05,100.05,100.04,100.05,790661
SGOV,2022-04-28,100.04,100.06,100.04,100.06,233041
SGOV,2022-04-29,100.06,100.06,100.04,100.06,1319577
SGOV,2022-05-02,100.03,100.03,100.02,100.03,493085
SGOV,2022-05-03,100.03,100.03,100.02,100.03,265170
SGOV,2022-05-04,100.03,100.03,100.01,100.03,1761065
SGOV,2022-05-05,100.04,100.04,100.03,100.04,559955
SGOV,2022-05-06,100.03,100.04,100.03,100.04,433661
SGOV,2022-05-09,100.03,100.04,100.03,100.04,449791
SGOV,2022-05-10,100.04,100.04,100.03,100.04,370577
SGOV,2022-05-11,100.04,100.04,100.03,100.04,857284
SGOV,2022-05-12,100.05,100.05,100.03,100.04,716931
SGOV,2022-05-13,100.04,100.04,100.03,100.04,704453
SGOV,2022-05-16,100.05,100.05,100.03,100.04,363755
SGOV,2022-05-17,100.05,100.05,100.04,100.05,230517
SGOV,2022-05-18,100.05,100.06,100.04,100.05,473838
SGOV,2022-05-19,100.06,100.06,100.05,100.06,440448
SGOV,2022-05-20,100.07,100.07,100.05,100.05,606407
SGOV,2022-05-23,100.05,100.07,100.05,100.065,296516
SGOV,2022-05-24,100.07,100.07,100.055,100.07,257239
SGOV,2022-05-25,100.06,100.07,100.06,100.07,485184
SGOV,2022-05-26,100.06,100.08,100.06,100.08,133637
SGOV,2022-05-27,100.09,100.09,100.07,100.08,1204454
SGOV,2022-05-31,100.06,100.08,100.06,100.08,637824
SGOV,2022-06-01,100.05,100.05,100.03,100.04,366405
SGOV,2022-06-02,100.04,100.05,100.03,100.05,247776
SGOV,2022-06-03,100.05,100.05,100.03,100.05,380134
SGOV,2022-06-06,100.05,100.05,100.03,100.04,215123
SGOV,2022-06-07,100.03,100.05,100.03,100.04,307916
SGOV,2022-06-08,100.06,100.06,100.04,100.04,270849
SGOV,2022-06-09,100.06,100.06,100.03,100.05,570653
SGOV,2022-06-10,100.05,100.06,100.035,100.05,1596791
SGOV,2022-06-13,100.05,100.05,100.03,100.04,591824
SGOV,2022-06-14,100.04,100.04,100.02,100.04,845970
SGOV,2022-06-15,100.04,100.04,100.03,100.035,682711
SGOV,2022-06-16,100.03,100.06,100.03,100.06,1536722
SGOV,2022-06-17,100.06,100.07,100.05,100.07,672890
SGOV,2022-06-21,100.07,100.09,100.055,100.09,1243140
SGOV,2022-06-22,100.08,100.08,100.06,100.0799,941528
SGOV,2022-06-23,100.09,100.09,100.08,100.09,442677
SGOV,2022-06-24,100.09,100.09,100.07,100.07,598139
SGOV,2022-06-27,100.07,100.09,100.07,100.09,535222
SGOV,2022-06-28,100.1,100.1,100.0789,100.09,726709
SGOV,2022-06-29,100.1,100.1,100.082,100.1,384866
SGOV,2022-06-30,100.11,100.12,100.1,100.12,559751
SGOV,2022-07-01,100.05,100.05,100.03,100.04,391360
SGOV,2022-07-05,100.04,100.05,100.03,100.05,530686
SGOV,2022-07-06,100.06,100.06,100.04,100.05,719278
SGOV,2022-07-07,100.07,100.07,100.05,100.06,970152
SGOV,2022-07-08,100.05,100.06,100.05,100.06,292395
SGOV,2022-07-11,100.06,100.07,100.04,100.06,837055
SGOV,2022-07-12,100.07,100.07,100.05,100.05,862540
SGOV,2022-07-13,100.05,100.095,100.04,100.04,757988
SGOV,2022-07-14,100.06,100.08,100.05,100.07,5133803
SGOV,2022-07-15,100.06,100.06,100.05,100.06,746042
SGOV,2022-07-18,100.07,100.07,100.05,100.07,459526
SGOV,2022-07-19,100.07,100.09,100.07,100.08,747686
SGOV,2022-07-20,100.09,100.09,100.08,100.08,854601
SGOV,2022-07-21,100.09,100.1,100.09,100.09,865652
SGOV,2022-07-22,100.11,100.11,100.09,100.11,1006529
SGOV,2022-07-25,100.11,100.11,100.1,100.11,1699559
SGOV,2022-07-26,100.1,100.11,100.1,100.1,658263
SGOV,2022-07-27,100.1,100.12,100.1,100.12,342504
SGOV,2022-07-28,100.12,100.14,100.12,100.12,1658304
SGOV,2022-07-29,100.13,100.14,100.1,100.1,2338635
SGOV,2022-08-01,100.03,100.03,100.02,100.03,642861
SGOV,2022-08-02,100.04,100.04,100.025,100.035,351915
SGOV,2022-08-03,100.04,100.05,100.03,100.05,565378
SGOV,2022-08-04,100.05,100.065,100.05,100.06,638075
SGOV,2022-08-05,100.06,100.07,100.05,100.06,913736
SGOV,2022-08-08,100.07,100.07,100.06,100.06,513572
SGOV,2022-08-09,100.07,100.08,100.06,100.08,234030
SGOV,2022-08-10,100.09,100.09,100.07,100.07,453752
SGOV,2022-08-11,100.11,100.11,100.08,100.09,1577743
SGOV,2022-08-12,100.11,100.11,100.09,100.1,282691
SGOV,2022-08-15,100.11,100.11,100.1,100.1,397432
SGOV,2022-08-16,100.11,100.11,100.1,100.11,745327
SGOV,2022-08-17,100.11,100.12,100.11,100.12,526419
SGOV,2022-08-18,100.12,100.14,100.12,100.13,1230212
SGOV,2022-08-19,100.14,100.15,100.13,100.13,625184
SGOV,2022-08-22,100.14,100.17,100.14,100.17,1013175
SGOV,2022-08-23,100.16,100.16,100.14,100.14,657941
SGOV,2022-08-24,100.16,100.16,100.15,100.16,402266
SGOV,2022-08-25,100.17,100.19,100.17,100.185,640396
SGOV,2022-08-26,100.19,100.19,100.17,100.185,897144
SGOV,2022-08-29,100.19,100.19,100.17,100.19,977820
SGOV,2022-08-30,100.18,100.2,100.18,100.19,1400604
SGOV,2022-08-31,100.21,100.21,100.19,100.2,890688
SGOV,2022-09-01,100.06,100.06,100.04,100.06,1368372
SGOV,2022-09-02,100.07,100.07,100.06,100.06,573051
SGOV,2022-09-06,100.08,100.08,100.06,100.07,778249
SGOV,2022-09-07,100.07,100.09,100.07,100.09,821192
SGOV,2022-09-08,100.1,100.11,100.1,100.11,433731
SGOV,2022-09-09,100.12,100.12,100.1,100.1,311245
SGOV,2022-09-12,100.11,100.12,100.1,100.1,666311
SGOV,2022-09-13,100.11,100.13,100.11,100.13,476727
SGOV,2022-09-14,100.14,100.14,100.12,100.12,1081274
SGOV,2022-09-15,100.13,100.15,100.13,100.15,875576
SGOV,2022-09-16,100.16,100.16,100.15,100.15,1476611
SGOV,2022-09-19,100.16,100.17,100.15,100.16,1142986
SGOV,2022-09-20,100.19,100.19,100.17,100.18,804157
SGOV,2022-09-21,100.19,100.19,100.17,100.19,1227866
SGOV,2022-09-22,100.2,100.21,100.2,100.2,1179522
SGOV,2022-09-23,100.21,100.22,100.2,100.22,4600427
SGOV,2022-09-26,100.22,100.22,100.21,100.22,3325655
SGOV,2022-09-27,100.22,100.23,100.22,100.23,1521594
SGOV,2022-09-28,100.23,100.25,100.23,100.23,1412341
SGOV,2022-09-29,100.27,100.27,100.25,100.26,827088
SGOV,2022-09-30,100.26,100.27,100.25,100.27,1704181
SGOV,2022-10-03,100.12,100.12,100.11,100.12,1338358
SGOV,2022-10-04,100.13,100.13,100.12,100.13,1843128
SGOV,2022-10-05,100.14,100.14,100.12,100.13,1071186
SGOV,2022-10-06,100.16,100.16,100.1401,100.16,1018695
SGOV,2022-10-07,100.15,100.17,100.14,100.17,1062290
SGOV,2022-10-10,100.19,100.19,100.17,100.17,1169818
SGOV,2022-10-11,100.17,100.18,100.1579,100.18,2417662
SGOV,2022-10-12,100.18,100.18,100.15,100.16,4243832
SGOV,2022-10-13,100.19,100.2,100.18,100.19,854172
SGOV,2022-10-14,100.18,100.21,100.18,100.21,846267
SGOV,2022-10-17,100.21,100.21,100.19,100.2,846157
SGOV,2022-10-18,100.2,100.22,100.2,100.22,980690
SGOV,2022-10-19,100.21,100.23,100.21,100.22,1640653
SGOV,2022-10-20,100.25,100.25,100.2399,100.24,853688
SGOV,2022-10-21,100.26,100.26,100.24,100.26,2200104
SGOV,2022-10-24,100.25,100.27,100.25,100.27,596921
SGOV,2022-10-25,100.27,100.28,100.26,100.26,1384138
SGOV,2022-10-26,100.29,100.29,100.26,100.26,1832051
SGOV,2022-10-27,100.3,100.31,100.29,100.31,1775535
SGOV,2022-10-28,100.32,100.32,100.3,100.31,1064284
SGOV,2022-10-31,100.31,100.32,100.31,100.31,906446
SGOV,2022-11-01,100.08,100.09,100.08,100.08,1764200
SGOV,2022-11-02,100.09,100.1,100.09,100.1,927959
SGOV,2022-11-03,100.13,100.14,100.12,100.14,1434337
SGOV,2022-11-04,100.14,100.15,100.13,100.15,1553191
SGOV,2022-11-07,100.14,100.16,100.14,100.16,1200111
SGOV,2022-11-08,100.16,100.17,100.16,100.17,1239640
SGOV,2022-11-09,100.208,100.21,100.18,100.2,968690
SGOV,2022-11-10,100.21,100.22,100.19,100.21,1936293
SGOV,2022-11-11,100.21,100.22,100.18,100.22,1748187
SGOV,2022-11-14,100.21,100.22,100.21,100.22,2889521
SGOV,2022-11-15,100.23,100.23,100.21,100.22,2778694
SGOV,2022-11-16,100.23,100.24,100.21,100.21,1777746
SGOV,2022-11-17,100.25,100.26,100.25,100.26,905115
SGOV,2022-11-18,100.27,100.27,100.26,100.26,737320
SGOV,2022-11-21,100.27,100.28,100.27,100.28,543276
SGOV,2022-11-22,100.3,100.31,100.29,100.31,1424453
SGOV,2022-11-23,100.33,100.33,100.32,100.33,642713
SGOV,2022-11-25,100.33,100.34,100.33,100.34,518917
SGOV,2022-11-28,100.36,100.36,100.34,100.36,910977
SGOV,2022-11-29,100.37,100.38,100.36,100.36,1027521
SGOV,2022-11-30,100.38,100.39,100.37,100.37,1182364
SGOV,2022-12-01,100.13,100.14,100.13,100.13,2424768
SGOV,2022-12-02,100.15,100.15,100.13,100.14,1084513
SGOV,2022-12-05,100.16,100.17,100.15,100.17,1528426
SGOV,2022-12-06,100.17,100.19,100.17,100.19,1681621
SGOV,2022-12-07,100.2,100.2,100.18,100.18,1659673
SGOV,2022-12-08,100.23,100.23,100.22,100.23,964122
SGOV,2022-12-09,100.23,100.24,100.23,100.23,564110
SGOV,2022-12-12,100.24,100.25,100.24,100.25,657815
SGOV,2022-12-13,100.27,100.27,100.25,100.26,719681
SGOV,2022-12-14,100.26,100.27,100.26,100.26,856381
SGOV,2022-12-15,99.97,99.98,99.96,99.97,1977400
SGOV,2022-12-16,99.98,99.98,99.96,99.98,2045242
SGOV,2022-12-19,99.99,99.99,99.98,99.98,1940103
SGOV,2022-12-20,100.01,100.02,100.0,100.0,3801331
SGOV,2022-12-21,100.02,100.02,100.0,100.0,1293393
SGOV,2022-12-22,100.07,100.07,100.05,100.06,1303791
SGOV,2022-12-23,100.07,100.08,100.05,100.06,1577619
SGOV,2022-12-27,100.08,100.09,100.07,100.09,1041663
SGOV,2022-12-28,100.1,100.11,100.09,100.1,1368481
SGOV,2022-12-29,100.13,100.15,100.13,100.14,10884166
SGOV,2022-12-30,100.15,100.15,100.12,100.14,1916949
SGOV,2023-01-03,100.15,100.16,100.15,100.16,1660083
SGOV,2023-01-04,100.17,100.18,100.15,100.15,908206
SGOV,2023-01-05,100.19,100.2,100.19,100.19,1809247
SGOV,2023-01-06,100.21,100.21,100.19,100.21,1766248
SGOV,2023-01-09,100.2,100.21,100.19,100.21,9842439
SGOV,2023-01-10,100.23,100.23,100.21,100.21,2524010
SGOV,2023-01-11,100.22,100.23,100.21,100.21,3007597
SGOV,2023-01-12,100.26,100.28,100.26,100.28,865352
SGOV,2023-01-13,100.27,100.29,100.27,100.29,1120216
SGOV,2023-01-17,100.28,100.3,100.28,100.28,939796
SGOV,2023-01-18,100.29,100.31,100.29,100.31,1381402
SGOV,2023-01-19,100.34,100.34,100.33,100.33,1467712
SGOV,2023-01-20,100.35,100.35,100.34,100.35,1379854
SGOV,2023-01-23,100.36,100.37,100.35,100.35,2633108
SGOV,2023-01-24,100.37,100.38,100.36,100.38,1226632
SGOV,2023-01-25,100.39,100.39,100.38,100.39,1176021
SGOV,2023-01-26,100.42,100.42,100.41,100.42,1151856
SGOV,2023-01-27,100.44,100.44,100.43,100.43,2231955
SGOV,2023-01-30,100.44,100.46,100.44,100.46,1174571
SGOV,2023-01-31,100.46,100.47,100.46,100.46,1421561
SGOV,2023-02-01,100.1,100.1,100.08,100.08,1804271
SGOV,2023-02-02,100.12,100.13,100.115,100.13,2411367
SGOV,2023-02-03,100.14,100.14,100.12,100.14,1896398
SGOV,2023-02-06,100.15,100.16,100.14,100.14,1695859
SGOV,2023-02-07,100.165,100.17,100.15,100.16,1221670
SGOV,2023-02-08,100.17,100.18,100.16,100.17,2473789
SGOV,2023-02-09,100.2,100.21,100.2,100.21,1081054
SGOV,2023-02-10,100.22,100.22,100.21,100.22,1425494
SGOV,2023-02-13,100.23,100.24,100.22,100.24,2398712
SGOV,2023-02-14,100.24,100.25,100.23,100.23,1309897
SGOV,2023-02-15,100.25,100.26,100.24,100.26,1217347
SGOV,2023-02-16,100.3,100.31,100.29,100.3,1744496
SGOV,2023-02-17,100.32,100.32,100.31,100.31,1228588
SGOV,2023-02-21,100.34,100.34,100.33,100.33,2903093
SGOV,2023-02-22,100.35,100.35,100.34,100.35,9440127
SGOV,2023-02-23,100.39,100.39,100.37,100.39,1707974
SGOV,2023-02-24,100.4,100.4,100.39,100.4,2364593
SGOV,2023-02-27,100.41,100.42,100.41,100.41,1759059
SGOV,2023-02-28,100.43,100.43,100.41,100.43,1561355
SGOV,2023-03-01,100.16,100.17,100.15,100.16,2607590
SGOV,2023-03-02,100.21,100.21,100.2,100.21,3159293
SGOV,2023-03-03,100.19,100.22,100.19,100.22,2467375
SGOV,2023-03-06,100.23,100.23,100.21,100.21,1563635
SGOV,2023-03-07,100.24,100.24,100.23,100.24,1258002
SGOV,2023-03-08,100.25,100.25,100.23,100.25,1381370
SGOV,2023-03-09,100.271,100.29,100.27,100.28,3052282
SGOV,2023-03-10,100.3,100.31,100.29,100.3,3660793
SGOV,2023-03-13,100.34,100.34,100.32,100.33,6303337
SGOV,2023-03-14,100.35,100.35,100.33,100.35,2820291
SGOV,2023-03-15,100.37,100.39,100.36,100.39,4904292
SGOV,2023-03-16,100.42,100.42,100.4,100.41,2075234
SGOV,2023-03-17,100.42,100.44,100.41,100.42,3651506
SGOV,2023-03-20,100.45,100.45,100.43,100.43,2371606
SGOV,2023-03-21,100.46,100.46,100.44,100.46,1727831
SGOV,2023-03-22,100.47,100.48,100.45,100.45,2389858
SGOV,2023-03-23,100.5,100.51,100.49,100.49,2302557
SGOV,2023-03-24,100.52,100.53,100.51,100.53,3172249
SGOV,2023-03-27,100.51,100.53,100.51,100.51,1457128
SGOV,2023-03-28,100.54,100.56,100.54,100.54,1819575
SGOV,2023-03-29,100.56,100.56,100.55,100.55,1724869
SGOV,2023-03-30,100.58,100.58,100.57,100.57,2052740
SGOV,2023-03-31,100.58,100.58,100.555,100.58,5189491
SGOV,2023-04-03,100.23,100.23,100.22,100.23,3136290
SGOV,2023-04-04,100.23,100.25,100.23,100.25,3701397
SGOV,2023-04-05,100.3,100.31,100.29,100.29,2504462
SGOV,2023-04-06,100.32,100.32,100.31,100.32,1478017
SGOV,2023-04-10,100.325,100.33,100.31,100.33,3470611
SGOV,2023-04-11,100.35,100.35,100.33,100.33,2727949
SGOV,2023-04-12,100.35,100.36,100.34,100.35,10695314
SGOV,2023-04-13,100.4,100.41,100.39,100.41,1511071
SGOV,2023-04-14,100.4,100.42,100.4,100.42,1791543
SGOV,2023-04-17,100.42,100.43,100.42,100.42,1410097
SGOV,2023-04-18,100.44,100.45,100.44,100.44,1103157
SGOV,2023-04-19,100.46,100.47,100.45,100.47,1948148
SGOV,2023-04-20,100.51,100.51,100.5,100.51,1421545
SGOV,2023-04-21,100.52,100.52,100.51,100.52,1293118
SGOV,2023-04-24,100.52,100.53,100.52,100.53,1509366
SGOV,2023-04-25,100.54,100.54,100.51,100.53,1922073
SGOV,2023-04-26,100.53,100.54,100.53,100.53,1933883
SGOV,2023-04-27,100.56,100.58,100.56,100.56,2307882
SGOV,2023-04-28,100.56,100.57,100.56,100.56,2363861
SGOV,2023-05-01,100.2,100.21,100.18,100.18,3549750
SGOV,2023-05-02,100.21,100.21,100.19,100.2,1648636
SGOV,2023-05-03,100.21,100.21,100.2,100.2,1600885
SGOV,2023-05-04,100.23,100.25,100.23,100.25,4615726
SGOV,2023-05-05,100.27,100.27,100.25,100.26,2131035
SGOV,2023-05-08,100.27,100.28,100.27,100.27,2293538
SGOV,2023-05-09,100.3,100.3,100.28,100.28,1695800
SGOV,2023-05-10,100.3,100.32,100.3,100.3,1602950
SGOV,2023-05-11,100.35,100.37,100.35,100.36,2600783
SGOV,2023-05-12,100.37,100.38,100.36,100.38,1785579
SGOV,2023-05-15,100.38,100.39,100.37,100.37,1435774
SGOV,2023-05-16,100.39,100.4,100.39,100.4,1276472
SGOV,2023-05-17,100.41,100.42,100.4,100.41,1095456
SGOV,2023-05-18,100.44,100.46,100.44,100.44,1892492
SGOV,2023-05-19,100.45,100.46,100.44,100.45,1327991
SGOV,2023-05-22,100.46,100.47,100.45,100.46,1356285
SGOV,2023-05-23,100.48,100.49,100.47,100.48,1877850
SGOV,2023-05-24,100.49,100.5,100.48,100.48,2186948
SGOV,2023-05-25,100.55,100.55,100.53,100.54,2024684
SGOV,2023-05-26,100.57,100.57,100.56,100.57,1474962
SGOV,2023-05-30,100.58,100.59,100.58,100.59,2039847
SGOV,2023-05-31,100.6,100.61,100.59,100.59,3431233
SGOV,2023-06-01,100.23,100.23,100.21,100.23,3886971
SGOV,2023-06-02,100.24,100.24,100.23,100.23,2531694
SGOV,2023-06-05,100.24,100.25,100.24,100.25,2639044
SGOV,2023-06-06,100.27,100.28,100.26,100.28,2431719
SGOV,2023-06-07,100.28,100.29,100.28,100.29,2451564
SGOV,2023-06-08,100.33,100.34,100.32,100.33,1433413
SGOV,2023-06-09,100.34,100.35,100.33,100.34,2619963
SGOV,2023-06-12,100.36,100.36,100.34,100.36,1648185
SGOV,2023-06-13,100.36,100.37,100.36,100.37,2320649
SGOV,2023-06-14,100.39,100.39,100.38,100.39,1624141
SGOV,2023-06-15,100.45,100.45,100.43,100.44,1901547
SGOV,2023-06-16,100.46,100.46,100.44,100.44,2270093
SGOV,2023-06-20,100.48,100.48,100.46,100.47,3109097
SGOV,2023-06-21,100.48,100.49,100.47,100.48,1798222
SGOV,2023-06-22,100.52,100.53,100.52,100.52,1364824
SGOV,2023-06-23,100.54,100.54,100.53,100.54,1187837
SGOV,2023-06-26,100.55,100.56,100.55,100.55,2400886
SGOV,2023-06-27,100.57,100.58,100.56,100.56,1667969
SGOV,2023-06-28,100.58,100.59,100.57,100.59,2234695
SGOV,2023-06-29,100.61,100.63,100.61,100.63,2015634
SGOV,2023-06-30,100.64,100.64,100.63,100.63,4448716
SGOV,2023-07-03,100.25,100.26,100.24,100.26,3589945
SGOV,2023-07-05,100.26,100.27,100.26,100.27,2078483
SGOV,2023-07-06,100.31,100.31,100.3,100.31,6204897
SGOV,2023-07-07,100.32,100.32,100.3,100.32,2019412
SGOV,2023-07-10,100.34,100.34,100.33,100.33,2072759
SGOV,2023-07-11,100.34,100.35,100.34,100.34,2155942
SGOV,2023-07-12,100.36,100.37,100.35,100.36,2323912
SGOV,2023-07-13,100.4,100.41,100.4,100.4,2441983
SGOV,2023-07-14,100.42,100.42,100.41,100.41,4713735
SGOV,2023-07-17,100.435,100.44,100.42,100.43,1728195
SGOV,2023-07-18,100.445,100.45,100.44,100.44,1863071
SGOV,2023-07-19,100.45,100.46,100.45,100.46,1467810
SGOV,2023-07-20,100.5,100.5,100.49,100.5,1409532
SGOV,2023-07-21,100.51,100.51,100.5,100.51,1452732
SGOV,2023-07-24,100.53,100.53,100.52,100.53,1536026
SGOV,2023-07-25,100.54,100.55,100.53,100.54,1282927
SGOV,2023-07-26,100.56,100.56,100.54,100.56,1641880
SGOV,2023-07-27,100.59,100.6,100.59,100.6,1512546
SGOV,2023-07-28,100.6,100.62,100.6,100.62,1325607
SGOV,2023-07-31,100.62,100.63,100.62,100.62,3958344
SGOV,2023-08-01,100.21,100.21,100.2,100.2,4704761
SGOV,2023-08-02,100.23,100.23,100.22,100.23,2068414
SGOV,2023-08-03,100.26,100.27,100.26,100.26,2620082
SGOV,2023-08-04,100.28,100.28,100.27,100.28,2250091
SGOV,2023-08-07,100.3,100.3,100.29,100.29,2017315
SGOV,2023-08-08,100.31,100.32,100.3,100.3,2138261
SGOV,2023-08-09,100.33,100.33,100.32,100.33,1914108
SGOV,2023-08-10,100.37,100.37,100.36,100.36,3643529
SGOV,2023-08-11,100.38,100.38,100.37,100.37,1948301
SGOV,2023-08-14,100.39,100.4,100.39,100.4,2367071
SGOV,2023-08-15,100.41,100.42,100.4,100.41,2724998
SGOV,2023-08-16,100.43,100.43,100.42,100.43,3010895
SGOV,2023-08-17,100.46,100.47,100.46,100.47,5092076
SGOV,2023-08-18,100.48,100.48,100.47,100.48,2604920
SGOV,2023-08-21,100.49,100.5,100.49,100.49,1967101
SGOV,2023-08-22,100.51,100.51,100.5,100.5,2328377
SGOV,2023-08-23,100.53,100.53,100.51,100.53,2200249
SGOV,2023-08-24,100.57,100.57,100.56,100.57,2699886
SGOV,2023-08-25,100.58,100.58,100.57,100.58,1902905
SGOV,2023-08-28,100.6,100.6,100.59,100.6,1406456
SGOV,2023-08-29,100.61,100.62,100.6,100.62,2521781
SGOV,2023-08-30,100.62,100.63,100.62,100.62,1908452
SGOV,2023-08-31,100.66,100.68,100.66,100.67,4114398
SGOV,2023-09-01,100.27,100.27,100.26,100.27,6907568
SGOV,2023-09-05,100.285,100.29,100.28,100.28,2632627
SGOV,2023-09-06,100.3,100.3,100.29,100.3,2724492
SGOV,2023-09-07,100.34,100.35,100.33,100.35,2697679
SGOV,2023-09-08,100.35,100.36,100.35,100.36,2157678
SGOV,2023-09-11,100.37,100.38,100.37,100.37,1968391
SGOV,2023-09-12,100.39,100.39,100.38,100.38,1728594
SGOV,2023-09-13,100.4,100.41,100.39,100.41,2152037
SGOV,2023-09-14,100.45,100.45,100.44,100.44,2075301
SGOV,2023-09-15,100.455,100.46,100.45,100.46,2323331
SGOV,2023-09-18,100.47,100.48,100.47,100.47,2307688
SGOV,2023-09-19,100.48,100.49,100.48,100.48,1712806
SGOV,2023-09-20,100.5,100.51,100.49,100.51,1968220
SGOV,2023-09-21,100.55,100.55,100.54,100.54,3191759
SGOV,2023-09-22,100.55,100.56,100.55,100.56,3379483
SGOV,2023-09-25,100.58,100.58,100.57,100.58,2866256
SGOV,2023-09-26,100.59,100.59,100.58,100.58,2836020
SGOV,2023-09-27,100.61,100.61,100.59,100.61,3450253
SGOV,2023-09-28,100.64,100.65,100.64,100.64,2880019
SGOV,2023-09-29,100.645,100.67,100.6,100.67,5697266
SGOV,2023-10-02,100.27,100.27,100.26,100.27,6244364
SGOV,2023-10-03,100.29,100.3,100.28,100.28,4954978
SGOV,2023-10-04,100.3,100.3,100.29,100.3,3347403
SGOV,2023-10-05,100.35,100.36,100.35,100.36,3345427
SGOV,2023-10-06,100.35,100.38,100.35,100.37,3186856
SGOV,2023-10-09,100.39,100.39,100.38,100.38,2533872
SGOV,2023-10-10,100.385,100.39,100.38,100.38,2865438
SGOV,2023-10-11,100.4,100.4,100.39,100.4,2673500
SGOV,2023-10-12,100.43,100.45,100.43,100.45,2064152
SGOV,2023-10-13,100.46,100.46,100.45,100.45,2525952
SGOV,2023-10-16,100.47,100.48,100.47,100.48,2622032
SGOV,2023-10-17,100.49,100.49,100.48,100.49,2367361
SGOV,2023-10-18,100.51,100.51,100.5,100.51,5428451
SGOV,2023-10-19,100.55,100.55,100.54,100.55,2599126
SGOV,2023-10-20,100.57,100.57,100.56,100.57,2817343
SGOV,2023-10-23,100.585,100.59,100.58,100.59,2585250
SGOV,2023-10-24,100.6,100.6,100.59,100.6,2151503
SGOV,2023-10-25,100.61,100.62,100.6,100.6,3023806
SGOV,2023-10-26,100.66,100.66,100.64,100.66,2870619
SGOV,2023-10-27,100.67,100.67,100.66,100.66,3906029
SGOV,2023-10-30,100.68,100.69,100.68,100.68,3542380
SGOV,2023-10-31,100.69,100.7,100.69,100.7,4720774
SGOV,2023-11-01,100.285,100.3,100.28,100.29,9100413
SGOV,2023-11-02,100.32,100.34,100.32,100.33,3989677
SGOV,2023-11-03,100.34,100.35,100.34,100.34,3351987
SGOV,2023-11-06,100.3529,100.36,100.35,100.36,3746469
SGOV,2023-11-07,100.38,100.38,100.36,100.36,3550926
SGOV,2023-11-08,100.3878,100.39,100.38,100.38,3479887
SGOV,2023-11-09,100.42,100.44,100.42,100.43,2604085
SGOV,2023-11-10,100.45,100.45,100.43,100.43,3034105
SGOV,2023-11-13,100.45,100.46,100.44,100.44,7757921
SGOV,2023-11-14,100.48,100.48,100.47,100.48,3774757
SGOV,2023-11-15,100.48,100.49,100.48,100.48,3981774
SGOV,2023-11-16,100.53,100.54,100.53,100.53,2420193
SGOV,2023-11-17,100.54,100.55,100.54,100.55,2163475
SGOV,2023-11-20,100.57,100.57,100.56,100.56,2610536
SGOV,2023-11-21,100.58,100.6,100.58,100.59,2011433
SGOV,2023-11-22,100.64,100.64,100.63,100.63,2197185
SGOV,2023-11-24,100.66,100.66,100.65,100.66,1104427
SGOV,2023-11-27,100.68,100.68,100.66,100.66,2890576
SGOV,2023-11-28,100.68,100.69,100.67,100.67,1779230
SGOV,2023-11-29,100.685,100.7,100.68,100.7,2921009
SGOV,2023-11-30,100.72,100.74,100.72,100.73,6294647
SGOV,2023-12-01,100.32,100.32,100.31,100.32,6707957
SGOV,2023-12-04,100.33,100.34,100.32,100.33,3521621
SGOV,2023-12-05,100.35,100.35,100.33,100.35,2138949
SGOV,2023-12-06,100.35,100.36,100.35,100.35,2359517
SGOV,2023-12-07,100.4,100.41,100.39,100.4,2551063
SGOV,2023-12-08,100.41,100.41,100.4,100.41,2503476
SGOV,2023-12-11,100.43,100.43,100.42,100.43,2478584
SGOV,2023-12-12,100.45,100.45,100.44,100.44,2250256
SGOV,2023-12-13,100.46,100.46,100.45,100.45,4325960
SGOV,2023-12-14,100.05,100.06,100.04,100.05,5268124
SGOV,2023-12-15,100.06,100.07,100.06,100.06,3426531
SGOV,2023-12-18,100.08,100.08,100.07,100.07,4107676
SGOV,2023-12-19,100.09,100.1,100.08,100.1,4327351
SGOV,2023-12-20,100.11,100.12,100.1,100.11,4477190
SGOV,2023-12-21,100.16,100.17,100.16,100.17,4097474
SGOV,2023-12-22,100.17,100.18,100.17,100.18,3353691
SGOV,2023-12-26,100.19,100.2,100.19,100.19,2559857
SGOV,2023-12-27,100.21,100.21,100.2,100.2,3053052
SGOV,2023-12-28,100.26,100.27,100.26,100.26,3386705
SGOV,2023-12-29,100.27,100.28,100.27,100.27,3189227
SGOV,2024-01-02,100.29,100.3,100.28,100.29,5286214
SGOV,2024-01-03,100.3,100.3199,100.3,100.3,4597255
SGOV,2024-01-04,100.35,100.36,100.35,100.35,2794056
SGOV,2024-01-05,100.36,100.37,100.36,100.36,3467414
SGOV,2024-01-08,100.39,100.39,100.38,100.39,2867500
SGOV,2024-01-09,100.4,100.4,100.39,100.4,2419823
SGOV,2024-01-10,100.42,100.42,100.41,100.42,1961366
SGOV,2024-01-11,100.46,100.48,100.46,100.48,3164850
SGOV,2024-01-12,100.48,100.49,100.48,100.49,2557903
SGOV,2024-01-16,100.51,100.51,100.5,100.5,2713025
SGOV,2024-01-17,100.52,100.52,100.51,100.51,2317656
SGOV,2024-01-18,100.56,100.56,100.55,100.55,2672038
SGOV,2024-01-19,100.57,100.58,100.56,100.58,3630115
SGOV,2024-01-22,100.595,100.6,100.58,100.59,4306965
SGOV,2024-01-23,100.6,100.61,100.6,100.61,2066172
SGOV,2024-01-24,100.61,100.62,100.61,100.62,3422726
SGOV,2024-01-25,100.65,100.67,100.65,100.67,2426026
SGOV,2024-01-26,100.68,100.68,100.67,100.67,2059139
SGOV,2024-01-29,100.69,100.7,100.68,100.68,2914388
SGOV,2024-01-30,100.7,100.71,100.7,100.71,3741014
SGOV,2024-01-31,100.71,100.72,100.71,100.71,5171264
SGOV,2024-02-01,100.32,100.32,100.31,100.31,7038575
SGOV,2024-02-02,100.32,100.32,100.31,100.32,3864786
SGOV,2024-02-05,100.34,100.34,100.33,100.34,3969403
SGOV,2024-02-06,100.35,100.36,100.34,100.35,2167341
SGOV,2024-02-07,100.37,100.37,100.36,100.37,2621203
SGOV,2024-02-08,100.4,100.42,100.4,100.4,3838722
SGOV,2024-02-09,100.42,100.43,100.415,100.43,3232544
SGOV,2024-02-12,100.44,100.45,100.43,100.43,2792693
SGOV,2024-02-13,100.45,100.45,100.44,100.45,3009022
SGOV,2024-02-14,100.47,100.47,100.46,100.47,2614103
SGOV,2024-02-15,100.53,100.53,100.52,100.52,2577790
SGOV,2024-02-16,100.54,100.54,100.53,100.53,2920731
SGOV,2024-02-20,100.55,100.56,100.54,100.55,3268639
SGOV,2024-02-21,100.57,100.58,100.56,100.56,2316624
SGOV,2024-02-22,100.6,100.61,100.6,100.6,2452158
SGOV,2024-02-23,100.63,100.63,100.62,100.63,2010086
SGOV,2024-02-26,100.64,100.65,100.64,100.64,2645068
SGOV,2024-02-27,100.66,100.66,100.65,100.66,2360278
SGOV,2024-02-28,100.66,100.67,100.66,100.67,4526206
SGOV,2024-02-29,100.7,100.71,100.7,100.7,5560198
SGOV,2024-03-01,100.32,100.32,100.31,100.32,7579179
SGOV,2024-03-04,100.33,100.34,100.33,100.33,3613491
SGOV,2024-03-05,100.34,100.35,100.34,100.34,3905276
SGOV,2024-03-06,100.36,100.37,100.35,100.36,2759983
SGOV,2024-03-07,100.41,100.41,100.4,100.41,2415511
SGOV,2024-03-08,100.43,100.43,100.41,100.42,3748924
SGOV,2024-03-11,100.44,100.44,100.43,100.44,3193787
SGOV,2024-03-12,100.45,100.46,100.45,100.45,2591348
SGOV,2024-03-13,100.46,100.47,100.46,100.46,2186217
SGOV,2024-03-14,100.5,100.51,100.5,100.5,3445063
SGOV,2024-03-15,100.52,100.52,100.51,100.52,3277282
SGOV,2024-03-18,100.54,100.54,100.53,100.53,3576202
SGOV,2024-03-19,100.56,100.56,100.55,100.55,2661871
SGOV,2024-03-20,100.56,100.57,100.56,100.56,2492738
SGOV,2024-03-21,100.6,100.61,100.6,100.6,3547391
SGOV,2024-03-22,100.63,100.63,100.61,100.62,2636660
SGOV,2024-03-25,100.64,100.65,100.64,100.64,2422898
SGOV,2024-03-26,100.65,100.66,100.65,100.65,3181669
SGOV,2024-03-27,100.71,100.71,100.7,100.7,2990762
SGOV,2024-03-28,100.72,100.72,100.71,100.71,5425754
SGOV,2024-04-01,100.3,100.3,100.29,100.29,7241110
SGOV,2024-04-02,100.31,100.31,100.3,100.31,4152148
SGOV,2024-04-03,100.32,100.33,100.32,100.32,4179557
SGOV,2024-04-04,100.36,100.37,100.36,100.37,3250441
SGOV,2024-04-05,100.39,100.39,100.38,100.38,3041208
SGOV,2024-04-08,100.4,100.4,100.39,100.4,3487187
SGOV,2024-04-09,100.41,100.41,100.4,100.41,3565461
SGOV,2024-04-10,100.42,100.43,100.41,100.43,3893050
SGOV,2024-04-11,100.46,100.47,100.46,100.47,3521147
SGOV,2024-04-12,100.48,100.48,100.47,100.48,4235442
SGOV,2024-04-15,100.49,100.5,100.49,100.5,4144716
SGOV,2024-04-16,100.51,100.52,100.5,100.5,4849995
SGOV,2024-04-17,100.53,100.53,100.52,100.53,3688385
SGOV,2024-04-18,100.57,100.57,100.56,100.56,3235591
SGOV,2024-04-19,100.59,100.59,100.57,100.59,3319530
SGOV,2024-04-22,100.6,100.6,100.59,100.6,3547389
SGOV,2024-04-23,100.61,100.62,100.6,100.61,4233300
SGOV,2024-04-24,100.63,100.63,100.62,100.62,3200045
SGOV,2024-04-25,100.67,100.67,100.66,100.67,2705934
SGOV,2024-04-26,100.68,100.69,100.68,100.69,3008586
SGOV,2024-04-29,100.7,100.7,100.69,100.69,2501932
SGOV,2024-04-30,100.7,100.71,100.7,100.7,6488016
SGOV,2024-05-01,100.31,100.31,100.3,100.31,8406643
SGOV,2024-05-02,100.35,100.35,100.34,100.35,4369601
SGOV,2024-05-03,100.36,100.37,100.35,100.37,4792429
SGOV,2024-05-06,100.37,100.38,100.37,100.38,3623658
SGOV,2024-05-07,100.39,100.39,100.38,100.38,3591455
SGOV,2024-05-08,100.4,100.41,100.39,100.41,3109419
SGOV,2024-05-09,100.445,100.45,100.44,100.44,2739595
SGOV,2024-05-10,100.47,100.47,100.45,100.47,3005776
SGOV,2024-05-13,100.48,100.48,100.47,100.48,3316998
SGOV,2024-05-14,100.49,100.49,100.48,100.48,2765778
SGOV,2024-05-15,100.5,100.51,100.5,100.5,4228566
SGOV,2024-05-16,100.55,100.56,100.54,100.55,3699452
SGOV,2024-05-17,100.57,100.57,100.56,100.56,4544232
SGOV,2024-05-20,100.58,100.58,100.57,100.57,3340980
SGOV,2024-05-21,100.59,100.6,100.59,100.59,3774876
SGOV,2024-05-22,100.61,100.61,100.6,100.6,2609019
SGOV,2024-05-23,100.66,100.67,100.66,100.67,3077797
SGOV,2024-05-24,100.68,100.68,100.67,100.68,2512773
SGOV,2024-05-28,100.68,100.69,100.68,100.69,3684571
SGOV,2024-05-29,100.7,100.7,100.69,100.69,3971666
SGOV,2024-05-30,100.71,100.72,100.71,100.71,3581730
SGOV,2024-05-31,100.74,100.75,100.74,100.75,7082885
SGOV,2024-06-03,100.33,100.34,100.33,100.33,9568164
SGOV,2024-06-04,100.35,100.35,100.34,100.35,5355935
SGOV,2024-06-05,100.36,100.37,100.36,100.37,4285327
SGOV,2024-06-06,100.38,100.38,100.37,100.37,3376143
SGOV,2024-06-07,100.42,100.42,100.41,100.41,3490442
SGOV,2024-06-10,100.44,100.44,100.43,100.43,2753953
SGOV,2024-06-11,100.45,100.45,100.44,100.45,3319961
SGOV,2024-06-12,100.46,100.47,100.45,100.47,5355686
SGOV,2024-06-13,100.48,100.49,100.47,100.48,3925736
SGOV,2024-06-14,100.52,100.53,100.51,100.53,3505498
SGOV,2024-06-17,100.54,100.54,100.53,100.54,3493685
SGOV,2024-06-18,100.57,100.57,100.5599,100.57,2971950
SGOV,2024-06-20,100.58,100.59,100.58,100.58,3580662
SGOV,2024-06-21,100.62,100.63,100.62,100.62,3498053
SGOV,2024-06-24,100.64,100.64,100.63,100.63,3369496
SGOV,2024-06-25,100.65,100.65,100.64,100.65,3626386
SGOV,2024-06-26,100.661,100.67,100.66,100.66,4815501
SGOV,2024-06-27,100.68,100.68,100.67,100.67,3349880
SGOV,2024-06-28,100.71,100.72,100.71,100.71,7427773
SGOV,2024-07-01,100.31,100.31,100.3,100.31,9965321
SGOV,2024-07-02,100.32,100.32,100.31,100.32,5720921
SGOV,2024-07-03,100.35,100.35,100.34,100.35,3985971
SGOV,2024-07-05,100.38,100.39,100.38,100.39,3742040
SGOV,2024-07-08,100.4,100.41,100.4,100.41,3262994
SGOV,2024-07-09,100.42,100.43,100.41,100.41,4519180
SGOV,2024-07-10,100.43,100.44,100.43,100.43,4062229
SGOV,2024-07-11,100.44,100.45,100.44,100.45,4195612
SGOV,2024-07-12,100.5,100.5,100.49,100.5,3369003
SGOV,2024-07-15,100.51,100.51,100.5,100.5,3615105
SGOV,2024-07-16,100.52,100.52,100.51,100.52,3622884
SGOV,2024-07-17,100.53,100.5354,100.52,100.53,3822066
SGOV,2024-07-18,100.54,100.55,100.54,100.55,5291379
SGOV,2024-07-19,100.59,100.59,100.58,100.59,2993644
SGOV,2024-07-22,100.61,100.61,100.6,100.61,3386490
SGOV,2024-07-23,100.62,100.6299,100.61,100.62,2829209
SGOV,2024-07-24,100.63,100.64,100.62,100.63,3474470
SGOV,2024-07-25,100.65,100.65,100.64,100.65,3521732
SGOV,2024-07-26,100.68,100.69,100.68,100.68,3172640
SGOV,2024-07-29,100.7,100.71,100.7,100.71,3258979
SGOV,2024-07-30,100.72,100.72,100.71,100.71,4559859
SGOV,2024-07-31,100.72,100.73,100.72,100.72,7256919
SGOV,2024-08-01,100.3,100.3,100.29,100.3,11015583
SGOV,2024-08-02,100.34,100.35,100.33,100.35,7927417
SGOV,2024-08-05,100.35,100.38,100.35,100.36,8712895
SGOV,2024-08-06,100.36,100.38,100.36,100.38,5059083
SGOV,2024-08-07,100.38,100.39,100.38,100.38,4611418
SGOV,2024-08-08,100.4,100.41,100.39,100.41,3903327
SGOV,2024-08-09,100.44,100.45,100.43,100.44,5548308
SGOV,2024-08-12,100.46,100.47,100.45,100.46,3845407
SGOV,2024-08-13,100.48,100.48,100.47,100.48,4782152
SGOV,2024-08-14,100.49,100.5,100.48,100.5,4327711
SGOV,2024-08-15,100.49,100.51,100.49,100.51,4217765
SGOV,2024-08-16,100.55,100.55,100.54,100.55,3638873
SGOV,2024-08-19,100.56,100.57,100.56,100.56,3930732
SGOV,2024-08-20,100.58,100.58,100.57,100.57,3084174
SGOV,2024-08-21,100.58,100.6,100.58,100.6,3935965
SGOV,2024-08-22,100.61,100.61,100.6,100.6,3849072
SGOV,2024-08-23,100.65,100.65,100.64,100.64,3549938
SGOV,2024-08-26,100.66,100.67,100.66,100.66,3968984
SGOV,2024-08-27,100.68,100.68,100.67,100.67,2818078
SGOV,2024-08-28,100.69,100.69,100.68,100.68,3500805
SGOV,2024-08-29,100.7,100.71,100.69,100.69,4537697
SGOV,2024-08-30,100.74,100.75,100.74,100.74,8427359
SGOV,2024-09-03,100.34,100.34,100.33,100.34,11846652
SGOV,2024-09-04,100.36,100.36,100.35,100.35,6345701
SGOV,2024-09-05,100.37,100.38,100.36,100.38,4833286
SGOV,2024-09-06,100.42,100.42,100.41,100.42,5534601
SGOV,2024-09-09,100.43,100.44,100.43,100.43,5397400
SGOV,2024-09-10,100.45,100.45,100.43,100.45,4143874
SGOV,2024-09-11,100.45,100.46,100.45,100.45,4500096
SGOV,2024-09-12,100.47,100.47,100.46,100.46,3922629
SGOV,2024-09-13,100.5,100.52,100.5,100.52,3465187
SGOV,2024-09-16,100.52,100.54,100.52,100.54,3571111
SGOV,2024-09-17,100.55,100.56,100.54,100.54,4452203
SGOV,2024-09-18,100.56,100.58,100.56,100.57,4077670
SGOV,2024-09-19,100.58,100.6,100.58,100.59,5165762
SGOV,2024-09-20,100.64,100.64,100.63,100.63,4244778
SGOV,2024-09-23,100.65,100.66,100.64,100.66,5220884
SGOV,2024-09-24,100.66,100.67,100.66,100.67,3923538
SGOV,2024-09-25,100.68,100.69,100.67,100.67,3372436
SGOV,2024-09-26,100.68,100.69,100.68,100.68,4364431
SGOV,2024-09-27,100.72,100.73,100.72,100.72,4945423
SGOV,2024-09-30,100.73,100.74,100.72,100.72,9295111
SGOV,2024-10-01,100.33,100.33,100.32,100.33,11569178
SGOV,2024-10-02,100.34,100.34,100.33,100.33,5170347
SGOV,2024-10-03,100.35,100.35,100.34,100.34,4066059
SGOV,2024-10-04,100.385,100.39,100.38,100.38,5011063
SGOV,2024-10-07,100.39,100.4,100.39,100.39,4792487
SGOV,2024-10-08,100.4,100.41,100.4,100.4,3923145
SGOV,2024-10-09,100.42,100.43,100.41,100.42,4024764
SGOV,2024-10-10,100.44,100.44,100.43,100.44,3731052
SGOV,2024-10-11,100.48,100.49,100.48,100.48,3778350
SGOV,2024-10-14,100.48,100.49,100.48,100.48,3297143
SGOV,2024-10-15,100.5,100.5,100.49,100.5,3567381
SGOV,2024-10-16,100.51,100.52,100.51,100.52,3809895
SGOV,2024-10-17,100.52,100.53,100.52,100.52,3575461
SGOV,2024-10-18,100.57,100.57,100.55,100.56,3970219
SGOV,2024-10-21,100.57,100.58,100.57,100.58,3940566
SGOV,2024-10-22,100.59,100.59,100.58,100.59,3462820
SGOV,2024-10-23,100.61,100.61,100.59,100.59,3927662
SGOV,2024-10-24,100.62,100.62,100.61,100.62,3704461
SGOV,2024-10-25,100.65,100.66,100.65,100.66,5386904
SGOV,2024-10-28,100.67,100.67,100.66,100.66,3471284
SGOV,2024-10-29,100.67,100.68,100.665,100.68,3449922
SGOV,2024-10-30,100.69,100.7,100.68,100.68,7059200
SGOV,2024-10-31,100.69,100.71,100.69,100.7,11321055
SGOV,2024-11-01,100.34,100.34,100.33,100.34,13451817
SGOV,2024-11-04,100.35,100.3593,100.34,100.35,5041520
SGOV,2024-11-05,100.36,100.37,100.35,100.37,4280460
SGOV,2024-11-06,100.36,100.38,100.36,100.37,9470861
SGOV,2024-11-07,100.38,100.39,100.38,100.39,6188054
SGOV,2024-11-08,100.43,100.44,100.42,100.44,5624219
SGOV,2024-11-11,100.43,100.44,100.4249,100.43,4443709
SGOV,2024-11-12,100.45,100.45,100.44,100.44,4283311
SGOV,2024-11-13,100.46,100.47,100.45,100.47,4817968
SGOV,2024-11-14,100.48,100.48,100.47,100.47,4353238
SGOV,2024-11-15,100.51,100.52,100.51,100.52,5605114
SGOV,2024-11-18,100.53,100.53,100.52,100.53,5597253
SGOV,2024-11-19,100.54,100.54,100.53,100.54,4310889
SGOV,2024-11-20,100.55,100.56,100.54,100.56,4132973
SGOV,2024-11-21,100.57,100.57,100.56,100.56,4410667
SGOV,2024-11-22,100.59,100.6,100.59,100.59,4343858
SGOV,2024-11-25,100.6,100.61,100.6,100.6,6020230
SGOV,2024-11-26,100.62,100.63,100.61,100.62,4586888
SGOV,2024-11-27,100.64,100.65,100.64,100.64,5908972
SGOV,2024-11-29,100.68,100.69,100.68,100.68,6560220
SGOV,2024-12-02,100.325,100.33,100.32,100.32,11471762
SGOV,2024-12-03,100.34,100.34,100.33,100.33,5734082
SGOV,2024-12-04,100.35,100.36,100.34,100.35,5351137
SGOV,2024-12-05,100.36,100.37,100.36,100.36,4870132
SGOV,2024-12-06,100.41,100.41,100.4,100.41,4779049
SGOV,2024-12-09,100.41,100.42,100.41,100.42,5539785
SGOV,2024-12-10,100.43,100.44,100.43,100.44,5293455
SGOV,2024-12-11,100.45,100.45,100.44,100.44,4855334
SGOV,2024-12-12,100.46,100.46,100.45,100.45,4701016
SGOV,2024-12-13,100.49,100.5,100.49,100.5,4671493
SGOV,2024-12-16,100.51,100.51,100.5,100.51,5598929
SGOV,2024-12-17,100.52,100.52,100.51,100.51,5798524
SGOV,2024-12-18,100.16,100.16,100.15,100.16,11526503
SGOV,2024-12-19,100.17,100.1849,100.17,100.18,8319417
SGOV,2024-12-20,100.205,100.21,100.2,100.2,8898945
SGOV,2024-12-23,100.22,100.22,100.21,100.22,7032474
SGOV,2024-12-24,100.25,100.25,100.24,100.25,4654307
SGOV,2024-12-26,100.26,100.26,100.25,100.26,5015115
SGOV,2024-12-27,100.28,100.29,100.28,100.29,6558031
SGOV,2024-12-30,100.3,100.3,100.29,100.29,6547612
SGOV,2024-12-31,100.33,100.34,100.32,100.32,7371281
SGOV,2025-01-02,100.34,100.34,100.33,100.34,7533050
SGOV,2025-01-03,100.38,100.38,100.37,100.37,6730075
SGOV,2025-01-06,100.38,100.39,100.37,100.37,6938322
SGOV,2025-01-07,100.4,100.4,100.39,100.39,6792082
SGOV,2025-01-08,100.4,100.41,100.4,100.41,6101071
SGOV,2025-01-10,100.45,100.46,100.44,100.45,7644579
SGOV,2025-01-13,100.465,100.47,100.46,100.47,7647252
SGOV,2025-01-14,100.48,100.48,100.47,100.48,7245350
SGOV,2025-01-15,100.49,100.49,100.48,100.49,6878581
SGOV,2025-01-16,100.5,100.51,100.49,100.49,5352499
SGOV,2025-01-17,100.54,100.55,100.53,100.54,6563015
SGOV,2025-01-21,100.555,100.56,100.55,100.55,7952411
SGOV,2025-01-22,100.56,100.57,100.56,100.57,5717643
SGOV,2025-01-23,100.58,100.58,100.57,100.58,5085798
SGOV,2025-01-24,100.61,100.62,100.61,100.61,6379975
SGOV,2025-01-27,100.62,100.63,100.61,100.61,9439760
SGOV,2025-01-28,100.63,100.64,100.62,100.64,5857867
SGOV,2025-01-29,100.64,100.65,100.64,100.64,3978722
SGOV,2025-01-30,100.65,100.67,100.65,100.66,8043525
SGOV,2025-01-31,100.69,100.69,100.68,100.68,12461577
SGOV,2025-02-03,100.33,100.34,100.33,100.34,16436200
SGOV,2025-02-04,100.36,100.36,100.35,100.36,7866634
SGOV,2025-02-05,100.37,100.37,100.36,100.36,7100894
SGOV,2025-02-06,100.38,100.38,100.37,100.38,5804266
SGOV,2025-02-07,100.42,100.42,100.4,100.41,6758699
SGOV,2025-02-10,100.43,100.43,100.42,100.43,7517766
SGOV,2025-02-11,100.44,100.44,100.43,100.43,6424123
SGOV,2025-02-12,100.44,100.45,100.44,100.44,6618848
SGOV,2025-02-13,100.46,100.46,100.45,100.46,5690055
SGOV,2025-02-14,100.505,100.51,100.5,100.5,7648103
SGOV,2025-02-18,100.52,100.52,100.51,100.52,15815186
SGOV,2025-02-19,100.53,100.53,100.52,100.52,7277557
SGOV,2025-02-20,100.54,100.54,100.53,100.54,7608016
SGOV,2025-02-21,100.57,100.58,100.57,100.58,9110962
SGOV,2025-02-24,100.59,100.59,100.58,100.59,9734560
SGOV,2025-02-25,100.59,100.6,100.59,100.6,10827749
SGOV,2025-02-26,100.6,100.61,100.6,100.6,9566652
SGOV,2025-02-27,100.63,100.63,100.62,100.63,10807838
SGOV,2025-02-28,100.65,100.66,100.65,100.65,13772572
SGOV,2025-03-03,100.36,100.36,100.35,100.36,17436648
SGOV,2025-03-04,100.37,100.37,100.36,100.37,11543096
SGOV,2025-03-05,100.37,100.38,100.37,100.37,7162553
SGOV,2025-03-06,100.39,100.4,100.38,100.4,9925495
SGOV,2025-03-07,100.43,100.43,100.42,100.43,8962370
SGOV,2025-03-10,100.44,100.44,100.43,100.43,14594747
SGOV,2025-03-11,100.44,100.45,100.44,100.45,11456943
SGOV,2025-03-12,100.46,100.46,100.45,100.45,11307312
SGOV,2025-03-13,100.46,100.48,100.46,100.48,13110588
SGOV,2025-03-14,100.51,100.51,100.5,100.51,11421920
SGOV,2025-03-17,100.52,100.52,100.51,100.52,9018288
SGOV,2025-03-18,100.53,100.53,100.52,100.53,9213120
SGOV,2025-03-19,100.54,100.55,100.54,100.55,13584822
SGOV,2025-03-20,100.56,100.56,100.55,100.55,12648505
SGOV,2025-03-21,100.59,100.59,100.58,100.58,13101819
SGOV,2025-03-24,100.605,100.61,100.6,100.6,13854646
SGOV,2025-03-25,100.61,100.61,100.6,100.61,13844793
SGOV,2025-03-26,100.63,100.63,100.62,100.63,12321868
SGOV,2025-03-27,100.64,100.64,100.63,100.64,10022008
SGOV,2025-03-28,100.66,100.67,100.66,100.67,11747104
SGOV,2025-03-31,100.67,100.68,100.67,100.67,18210772
SGOV,2025-04-01,100.35,100.35,100.34,100.35,21033208
SGOV,2025-04-02,100.36,100.36,100.35,100.36,10658877
SGOV,2025-04-03,100.37,100.38,100.36,100.38,13988757
SGOV,2025-04-04,100.4,100.41,100.4,100.41,22826288
SGOV,2025-04-07,100.41,100.42,100.41,100.42,22564022
SGOV,2025-04-08,100.415,100.43,100.41,100.42,17116067
SGOV,2025-04-09,100.43,100.44,100.43,100.44,21838816
SGOV,2025-04-10,100.44,100.45,100.44,100.44,16851485
SGOV,2025-04-11,100.485,100.49,100.48,100.49,12916557
SGOV,2025-04-14,100.49,100.5,100.49,100.5,13772253
SGOV,2025-04-15,100.51,100.51,100.5,100.51,10043681
SGOV,2025-04-16,100.525,100.53,100.52,100.53,8840005
SGOV,2025-04-17,100.575,100.58,100.57,100.57,8652743
SGOV,2025-04-21,100.58,100.58,100.57,100.57,10756100
SGOV,2025-04-22,100.59,100.59,100.58,100.58,11603361
SGOV,2025-04-23,100.6,100.61,100.59,100.61,19135143
SGOV,2025-04-24,100.62,100.62,100.61,100.61,12068736
SGOV,2025-04-25,100.65,100.65,100.64,100.65,8822679
SGOV,2025-04-28,100.65,100.66,100.65,100.65,9127948
SGOV,2025-04-29,100.66,100.67,100.66,100.66,8554985
SGOV,2025-04-30,100.67,100.69,100.67,100.69,16040248
SGOV,2025-05-01,100.37,100.37,100.36,100.37,21288666
SGOV,2025-05-02,100.39,100.4,100.39,100.4,13930879
SGOV,2025-05-05,100.41,100.41,100.4,100.41,13223731
SGOV,2025-05-06,100.42,100.42,100.41,100.41,8985996
SGOV,2025-05-07,100.43,100.43,100.42,100.42,8542855
SGOV,2025-05-08,100.44,100.45,100.43,100.45,11931067
SGOV,2025-05-09,100.47,100.48,100.47,100.48,11793744
SGOV,2025-05-12,100.48,100.49,100.48,100.48,16808333
SGOV,2025-05-13,100.49,100.5,100.49,100.5,18174397
SGOV,2025-05-14,100.5,100.51,100.5,100.51,9821109
SGOV,2025-05-15,100.52,100.52,100.51,100.51,10057572
SGOV,2025-05-16,100.55,100.56,100.55,100.55,10109303
SGOV,2025-05-19,100.57,100.57,100.56,100.56,15759066
SGOV,2025-05-20,100.58,100.58,100.57,100.58,9249089
SGOV,2025-05-21,100.59,100.59,100.58,100.59,11325898
SGOV,2025-05-22,100.6,100.61,100.6,100.61,8901730
SGOV,2025-05-23,100.65,100.65,100.64,100.64,9119434
SGOV,2025-05-27,100.66,100.66,100.65,100.65,10526640
SGOV,2025-05-28,100.675,100.68,100.67,100.68,8415209
SGOV,2025-05-29,100.68,100.69,100.67,100.68,10435739
SGOV,2025-05-30,100.71,100.72,100.71,100.71,14209488
SGOV,2025-06-02,100.38,100.38,100.37,100.38,21934030
SGOV,2025-06-03,100.385,100.39,100.38,100.39,11979544
SGOV,2025-06-04,100.395,100.4,100.39,100.4,8923793
SGOV,2025-06-05,100.41,100.41,100.4,100.41,10152631
SGOV,2025-06-06,100.445,100.45,100.44,100.44,9122424
SGOV,2025-06-09,100.45,100.46,100.45,100.45,9902068
SGOV,2025-06-10,100.465,100.47,100.46,100.46,9201772
SGOV,2025-06-11,100.475,100.48,100.47,100.48,10138754
SGOV,2025-06-12,100.49,100.49,100.48,100.49,9574898
SGOV,2025-06-13,100.52,100.53,100.52,100.53,7880306
SGOV,2025-06-16,100.54,100.54,100.53,100.53,10286452
SGOV,2025-06-17,100.55,100.55,100.54,100.54,8734456
SGOV,2025-06-18,100.57,100.57,100.56,100.56,9783421
SGOV,2025-06-20,100.605,100.61,100.6,100.6,9399417
SGOV,2025-06-23,100.615,100.62,100.61,100.62,8847271
SGOV,2025-06-24,100.635,100.64,100.63,100.63,10132088
SGOV,2025-06-25,100.645,100.65,100.64,100.64,8015135
SGOV,2025-06-26,100.66,100.66,100.65,100.65,9277650
SGOV,2025-06-27,100.685,100.69,100.68,100.69,9742349
SGOV,2025-06-30,100.69,100.7,100.69,100.69,18195597
SGOV,2025-07-01,100.37,100.37,100.36,100.37,24173857
SGOV,2025-07-02,100.38,100.38,100.37,100.37,10850770
SGOV,2025-07-03,100.42,100.43,100.42,100.42,7404740
SGOV,2025-07-07,100.44,100.44,100.43,100.44,12363915
SGOV,2025-07-08,100.45,100.46,100.44,100.46,13107782
SGOV,2025-07-09,100.46,100.46,100.45,100.45,11156609
SGOV,2025-07-10,100.47,100.48,100.46,100.47,10071650
SGOV,2025-07-11,100.5,100.51,100.5,100.51,9288861
SGOV,2025-07-14,100.52,100.52,100.51,100.51,10293900
SGOV,2025-07-15,100.53,100.53,100.52,100.52,10207102
SGOV,2025-07-16,100.54,100.55,100.54,100.55,8179401
SGOV,2025-07-17,100.555,100.56,100.55,100.56,9040378
SGOV,2025-07-18,100.58,100.59,100.58,100.59,9399450
SGOV,2025-07-21,100.59,100.6,100.59,100.6,12892970
SGOV,2025-07-22,100.62,100.62,100.61,100.62,9340615
SGOV,2025-07-23,100.63,100.63,100.62,100.63,8056133
SGOV,2025-07-24,100.63,100.64,100.63,100.64,10701572
SGOV,2025-07-25,100.67,100.67,100.66,100.66,9776556
SGOV,2025-07-28,100.685,100.69,100.68,100.69,11580972
SGOV,2025-07-29,100.69,100.7,100.69,100.69,8622304
SGOV,2025-07-30,100.7,100.71,100.7,100.71,9105990
SGOV,2025-07-31,100.715,100.72,100.71,100.72,19051163
SGOV,2025-08-01,100.39,100.4,100.39,100.39,26832546
SGOV,2025-08-04,100.405,100.41,100.4,100.41,14766378
SGOV,2025-08-05,100.41,100.42,100.41,100.42,12350267
SGOV,2025-08-06,100.43,100.43,100.42,100.43,10653896
SGOV,2025-08-07,100.44,100.44,100.43,100.43,10823043
SGOV,2025-08-08,100.475,100.48,100.47,100.48,12066256
SGOV,2025-08-11,100.49,100.49,100.48,100.49,12940323
SGOV,2025-08-12,100.5,100.5,100.49,100.49,13082890
SGOV,2025-08-13,100.51,100.52,100.5,100.51,12144760
SGOV,2025-08-14,100.52,100.53,100.52,100.52,9798909
SGOV,2025-08-15,100.56,100.56,100.55,100.55,9493913
SGOV,2025-08-18,100.57,100.58,100.56,100.58,14768501
SGOV,2025-08-19,100.59,100.59,100.58,100.58,10474910
SGOV,2025-08-20,100.6,100.6,100.59,100.6,10922074
SGOV,2025-08-21,100.61,100.61,100.6,100.6,8765277
SGOV,2025-08-22,100.64,100.64,100.63,100.64,13160407
SGOV,2025-08-25,100.655,100.66,100.65,100.66,13555951
SGOV,2025-08-26,100.665,100.67,100.66,100.66,8741589
SGOV,2025-08-27,100.68,100.68,100.67,100.67,7384602
SGOV,2025-08-28,100.685,100.69,100.68,100.68,8816581
SGOV,2025-08-29,100.72,100.74,100.72,100.74,21369382
SGOV,2025-09-02,100.39,100.39,100.38,100.39,27254500
SGOV,2025-09-03,100.395,100.4,100.39,100.4,13923522
SGOV,2025-09-04,100.415,100.42,100.41,100.42,11300205
SGOV,2025-09-05,100.45,100.45,100.44,100.44,15311959
SGOV,2025-09-08,100.465,100.47,100.46,100.47,12715060
SGOV,2025-09-09,100.48,100.48,100.47,100.47,11005482
SGOV,2025-09-10,100.48,100.49,100.48,100.48,9356560
SGOV,2025-09-11,100.495,100.5,100.49,100.5,9136578
SGOV,2025-09-12,100.53,100.54,100.53,100.53,10482015
SGOV,2025-09-15,100.53,100.54,100.53,100.53,15288263
SGOV,2025-09-16,100.55,100.56,100.55,100.55,11551921
SGOV,2025-09-17,100.57,100.57,100.56,100.56,10381170
SGOV,2025-09-18,100.58,100.58,100.57,100.58,13414464
SGOV,2025-09-19,100.61,100.62,100.61,100.62,11174043
SGOV,2025-09-22,100.62,100.63,100.62,100.62,12279489
SGOV,2025-09-23,100.635,100.64,100.63,100.64,11191733
SGOV,2025-09-24,100.645,100.65,100.64,100.65,10108514
SGOV,2025-09-25,100.65,100.66,100.65,100.66,10549077
SGOV,2025-09-26,100.68,100.69,100.68,100.69,10688563
SGOV,2025-09-29,100.7,100.7,100.69,100.7,13580791
SGOV,2025-09-30,100.705,100.71,100.7,100.7,22909483
SGOV,2025-10-01,100.38,100.38,100.37,100.37,26613614
SGOV,2025-10-02,100.39,100.39,100.38,100.38,12870108
SGOV,2025-10-03,100.42,100.42,100.41,100.42,13837390
SGOV,2025-10-06,100.43,100.43,100.42,100.42,13944331
SGOV,2025-10-07,100.44,100.44,100.43,100.44,14289065
SGOV,2025-10-08,100.45,100.45,100.44,100.45,16811191
SGOV,2025-10-09,100.47,100.47,100.45,100.46,15718869
SGOV,2025-10-10,100.5,100.51,100.49,100.51,18966564
SGOV,2025-10-13,100.5,100.51,100.5,100.5,14453476
SGOV,2025-10-14,100.51,100.52,100.51,100.51,13475029
SGOV,2025-10-15,100.53,100.53,100.52,100.53,11069105
SGOV,2025-10-16,100.54,100.54,100.53,100.54,12394460
SGOV,2025-10-17,100.565,100.57,100.56,100.57,14603544
SGOV,2025-10-20,100.58,100.58,100.57,100.58,16129081
SGOV,2025-10-21,100.59,100.6,100.59,100.6,12061925
SGOV,2025-10-22,100.61,100.61,100.6,100.61,9089895
SGOV,2025-10-23,100.62,100.62,100.61,100.62,10658110
SGOV,2025-10-24,100.65,100.65,100.64,100.65,12382006
SGOV,2025-10-27,100.65,100.67,100.65,100.66,26389577
SGOV,2025-10-28,100.67,100.68,100.67,100.67,11134718
SGOV,2025-10-29,100.69,100.69,100.68,100.68,14177712
SGOV,2025-10-30,100.69,100.7,100.69,100.69,12370729
SGOV,2025-10-31,100.725,100.73,100.72,100.72,23254098
SGOV,2025-11-03,100.395,100.4,100.39,100.4,27049195
SGOV,2025-11-04,100.4,100.4,100.395,100.4,15707493
SGOV,2025-11-05,100.41,100.42,100.41,100.42,11012937
SGOV,2025-11-06,100.43,100.43,100.42,100.43,16658111
SGOV,2025-11-07,100.46,100.46,100.45,100.46,18799018
SGOV,2025-11-10,100.48,100.48,100.47,100.47,14121915
SGOV,2025-11-11,100.48,100.48,100.47,100.48,8697844
SGOV,2025-11-12,100.48,100.49,100.48,100.49,9067202
SGOV,2025-11-13,100.49,100.5,100.49,100.5,11255607
SGOV,2025-11-14,100.53,100.53,100.52,100.53,13522469
SGOV,2025-11-17,100.535,100.54,100.53,100.54,15032831
SGOV,2025-11-18,100.54,100.55,100.54,100.54,13130303
SGOV,2025-11-19,100.55,100.56,100.55,100.56,23022350
SGOV,2025-11-20,100.56,100.58,100.56,100.58,15261696
SGOV,2025-11-21,100.6,100.6,100.59,100.6,16446851
SGOV,2025-11-24,100.61,100.62,100.61,100.61,15830786
SGOV,2025-11-25,100.63,100.63,100.62,100.63,19115046
SGOV,2025-11-26,100.64,100.65,100.64,100.64,11948523
SGOV,2025-11-28,100.67,100.68,100.66,100.67,24417508
SGOV,2025-12-01,100.38,100.38,100.37,100.38,29025592
SGOV,2025-12-02,100.39,100.4,100.39,100.4,14362577
SGOV,2025-12-03,100.41,100.415,100.41,100.41,15531580
SGOV,2025-12-04,100.42,100.43,100.42,100.43,13689588
SGOV,2025-12-05,100.45,100.46,100.45,100.46,17918107
SGOV,2025-12-08,100.46,100.46,100.45,100.46,16329231
SGOV,2025-12-09,100.47,100.475,100.47,100.47,10823463
SGOV,2025-12-10,100.48,100.48,100.47,100.47,12234937
SGOV,2025-12-11,100.49,100.5,100.49,100.49,22343472
SGOV,2025-12-12,100.52,100.53,100.52,100.53,13320203
SGOV,2025-12-15,100.53,100.54,100.53,100.53,14767906
SGOV,2025-12-16,100.55,100.55,100.54,100.54,10701203
SGOV,2025-12-17,100.55,100.56,100.55,100.56,13788228
SGOV,2025-12-18,100.57,100.57,100.56,100.56,20890620
SGOV,2025-12-19,100.28,100.28,100.27,100.28,18203554
SGOV,2025-12-22,100.28,100.29,100.28,100.28,17890913
SGOV,2025-12-23,100.3,100.3,100.29,100.29,12256199
SGOV,2025-12-24,100.32,100.32,100.31,100.31,7791305
SGOV,2025-12-26,100.34,100.345,100.34,100.34,12664284
SGOV,2025-12-29,100.35,100.36,100.35,100.36,17350182
SGOV,2025-12-30,100.365,100.37,100.36,100.37,12608916
SGOV,2025-12-31,100.39,100.39,100.38,100.38,13910871
SGOV,2026-01-02,100.41,100.42,100.41,100.41,19188771
SGOV,2026-01-05,100.42,100.425,100.42,100.42,25006563
SGOV,2026-01-06,100.43,100.43,100.43,100.43,17634991
SGOV,2026-01-07,100.44,100.44,100.44,100.44,14062286
SGOV,2026-01-08,100.45,100.45,100.45,100.45,11408769
SGOV,2026-01-09,100.48,100.48,100.47,100.47,15053503
SGOV,2026-01-12,100.48,100.49,100.48,100.49,14819410
SGOV,2026-01-13,100.49,100.5,100.49,100.5,14162972
SGOV,2026-01-14,100.51,100.51,100.5,100.51,11851802
SGOV,2026-01-15,100.51,100.52,100.51,100.52,11469519
SGOV,2026-01-16,100.55,100.56,100.545,100.56,14766771
SGOV,2026-01-20,100.56,100.57,100.56,100.56,18954552
SGOV,2026-01-21,100.565,100.58,100.56,100.56,17502067
SGOV,2026-01-22,100.58,100.58,100.57,100.58,13618465
SGOV,2026-01-23,100.61,100.61,100.6,100.61,12143024
SGOV,2026-01-26,100.62,100.62,100.61,100.62,16872019
SGOV,2026-01-27,100.63,100.635,100.62,100.62,13073978
SGOV,2026-01-28,100.63,100.64,100.63,100.64,11987524
SGOV,2026-01-29,100.64,100.65,100.64,100.65,16031748
SGOV,2026-01-30,100.67,100.68,100.67,100.67,29215192
SGOV,2026-02-02,100.38,100.38,100.37,100.37,31225300
SGOV,2026-02-03,100.39,100.39,100.38,100.39,17713481
SGOV,2026-02-04,100.395,100.4,100.39,100.4,18129380
SGOV,2026-02-05,100.41,100.41,100.4,100.4,20371152
SGOV,2026-02-06,100.43,100.44,100.43,100.43,17381414
SGOV,2026-02-09,100.44,100.45,100.44,100.45,13991633
SGOV,2026-02-10,100.46,100.46,100.45,100.46,14002727
SGOV,2026-02-11,100.47,100.47,100.46,100.46,12584436
SGOV,2026-02-12,100.47,100.48,100.47,100.48,16593919
SGOV,2026-02-13,100.52,100.52,100.51,100.52,14917187
SGOV,2026-02-17,100.525,100.53,100.52,100.52,14976248
SGOV,2026-02-18,100.54,100.54,100.53,100.54,10207259
SGOV,2026-02-19,100.55,100.55,100.54,100.55,11292098
SGOV,2026-02-20,100.58,100.58,100.57,100.57,13489959
SGOV,2026-02-23,100.585,100.59,100.58,100.59,13465360
SGOV,2026-02-24,100.595,100.6,100.59,100.59,12168916
SGOV,2026-02-25,100.61,100.61,100.6,100.6,12532003
SGOV,2026-02-26,100.61,100.62,100.61,100.62,13658525
SGOV,2026-02-27,100.645,100.65,100.64,100.64,26602411
SGOV,2026-03-02,100.385,100.39,100.38,100.38,33993436
SGOV,2026-03-03,100.395,100.4,100.39,100.4,19224433
SGOV,2026-03-04,100.405,100.41,100.4,100.4,14325414
SGOV,2026-03-05,100.42,100.42,100.41,100.41,16218180
SGOV,2026-03-06,100.44,100.45,100.44,100.45,18921252
SGOV,2026-03-09,100.455,100.46,100.45,100.46,19053914
SGOV,2026-03-10,100.4673,100.47,100.46,100.46,13664190
SGOV,2026-03-11,100.47,100.48,100.47,100.48,12287831
SGOV,2026-03-12,100.485,100.49,100.48,100.49,17521912
SGOV,2026-03-13,100.51,100.52,100.51,100.52,17757033
SGOV,2026-03-16,100.52,100.53,100.52,100.52,14898451
SGOV,2026-03-17,100.535,100.54,100.53,100.54,14438297
SGOV,2026-03-18,100.54,100.55,100.54,100.55,14135087
SGOV,2026-03-19,100.555,100.56,100.54,100.55,20345363
SGOV,2026-03-20,100.58,100.58,100.57,100.58,23039558
SGOV,2026-03-23,100.59,100.6,100.58,100.58,33994335
SGOV,2026-03-24,100.605,100.61,100.6,100.61,17660579
SGOV,2026-03-25,100.61,100.62,100.6,100.61,15235808
SGOV,2026-03-26,100.62,100.62,100.61,100.62,17499424
SGOV,2026-03-27,100.64,100.65,100.64,100.65,19748370
SGOV,2026-03-30,100.65,100.66,100.65,100.66,19102660
SGOV,2026-03-31,100.66,100.67,100.66,100.66,36976807
SGOV,2026-04-01,100.39,100.39,100.38,100.39,41267306
SGOV,2026-04-02,100.42,100.43,100.42,100.43,22593007
SGOV,2026-04-06,100.435,100.44,100.43,100.44,23234725
SGOV,2026-04-07,100.44,100.45,100.44,100.45,18849559
SGOV,2026-04-08,100.46,100.46,100.45,100.45,24241591
SGOV,2026-04-09,100.47,100.47,100.46,100.46,17796592
SGOV,2026-04-10,100.49,100.5,100.49,100.5,18783131
SGOV,2026-04-13,100.5,100.51,100.5,100.51,20215527
SGOV,2026-04-14,100.51,100.52,100.51,100.51,29929420
SGOV,2026-04-15,100.52,100.53,100.52,100.53,19787095
SGOV,2026-04-16,100.53,100.54,100.53,100.53,16656124
SGOV,2026-04-17,100.56,100.57,100.56,100.56,20660530
SGOV,2026-04-20,100.57,100.58,100.57,100.57,19208925
SGOV,2026-04-21,100.58,100.59,100.58,100.59,14009765
SGOV,2026-04-22,100.6,100.6,100.59,100.6,15070121
SGOV,2026-04-23,100.61,100.61,100.6,100.61,14592926
SGOV,2026-04-24,100.64,100.64,100.63,100.64,16816682
SGOV,2026-04-27,100.65,100.65,100.64,100.64,14295905
SGOV,2026-04-28,100.66,100.66,100.65,100.66,13302589
SGOV,2026-04-29,100.66,100.67,100.65,100.67,15120143
SGOV,2026-04-30,100.67,100.68,100.67,100.67,26075192
SGOV,2026-05-01,100.41,100.41,100.4,100.41,33809728
SGOV,2026-05-04,100.42,100.42,100.41,100.42,20782279
SGOV,2026-05-05,100.43,100.43,100.42,100.43,17147107
SGOV,2026-05-06,100.44,100.44,100.43,100.44,20551238
SGOV,2026-05-07,100.45,100.45,100.44,100.45,17277070
SGOV,2026-05-08,100.48,100.48,100.47,100.48,20272051
SGOV,2026-05-11,100.49,100.49,100.48,100.49,21436301
SGOV,2026-05-12,100.49,100.5,100.49,100.5,18313613
SGOV,2026-05-13,100.51,100.51,100.5,100.51,16770479
SGOV,2026-05-14,100.52,100.52,100.51,100.52,15723898
SGOV,2026-05-15,100.55,100.55,100.54,100.55,18242441
SGOV,2026-05-18,100.56,100.56,100.55,100.56,23561151
SGOV,2026-05-19,100.57,100.57,100.56,100.57,20454431
SGOV,2026-05-20,100.58,100.58,100.57,100.58,16353719
SGOV,2026-05-21,100.59,100.59,100.58,100.58,17360115
SGOV,2026-05-22,100.625,100.63,100.62,100.63,18433380
SGOV,2026-05-26,100.64,100.64,100.63,100.64,21664489
SGOV,2026-05-27,100.64,100.65,100.64,100.65,15483953
SGOV,2026-05-28,100.658,100.66,100.65,100.65,16616962
SGOV,2026-05-29,100.67,100.68,100.67,100.67,34224433
SGOV,2026-06-01,100.4,100.4,100.39,100.4,39897675
SGOV,2026-06-02,100.409,100.41,100.4,100.4,22215698
SGOV,2026-06-03,100.42,100.42,100.41,100.41,19999231
SGOV,2026-06-04,100.425,100.43,100.42,100.42,18801733
SGOV,2026-06-05,100.455,100.46,100.44,100.45,27836867
SGOV,2026-06-08,100.45,100.47,100.45,100.46,24095707
SGOV,2026-06-09,100.47,100.47,100.46,100.47,25747543
SGOV,2026-06-10,100.475,100.48,100.47,100.48,20362221
SGOV,2026-06-11,100.49,100.49,100.48,100.49,24927702
SGOV,2026-06-12,100.52,100.52,100.51,100.51,23146500
SGOV,2026-06-15,100.525,100.53,100.52,100.53,25230668
SGOV,2026-06-16,100.54,100.54,100.53,100.54,20341844
SGOV,2026-06-17,100.55,100.56,100.54,100.55,15975153
SGOV,2026-06-18,100.59,100.59,100.58,100.59,18597695
SGOV,2026-06-22,100.595,100.6,100.59,100.6,20317278
SGOV,2026-06-23,100.6,100.61,100.6,100.61,18545345
SGOV,2026-06-24,100.62,100.62,100.61,100.62,18011781
SGOV,2026-06-25,100.62,100.63,100.62,100.63,17871388
SGOV,2026-06-26,100.65,100.66,100.65,100.65,14153395
SGOV,2026-06-29,100.66,100.67,100.66,100.67,18821016
SGOV,2026-06-30,100.67,100.68,100.67,100.67,28940574
SGOV,2026-07-01,100.395,100.4,100.39,100.4,38244672
SGOV,2026-07-02,100.43,100.44,100.43,100.44,22884779
SGOV,2026-07-06,100.44,100.45,100.44,100.44,20795518
SGOV,2026-07-07,100.45,100.46,100.45,100.46,18518198
SGOV,2026-07-08,100.46,100.47,100.46,100.47,19251328
SGOV,2026-07-09,100.48,100.48,100.47,100.48,15296570
SGOV,2026-07-10,100.5,100.51,100.5,100.5,15612362
SGOV,2026-07-13,100.51,100.52,100.51,100.52,15894532
SGOV,2026-07-14,100.53,100.53,100.52,100.52,14999540
SGOV,2026-07-15,100.535,100.54,100.53,100.54,15943285
SGOV,2026-07-16,100.545,100.55,100.54,100.55,16153782
SGOV,2026-07-17,100.58,100.58,100.57,100.58,20866458
SGOV,2026-07-20,100.58,100.59,100.58,100.59,19114520
SGOV,2026-07-21,100.59,100.6,100.59,100.6,14626488
SGOV,2026-07-22,100.6,100.61,100.6,100.6,12644365
SGOV,2026-07-23,100.61,100.62,100.6,100.61,20047361
SGOV,2026-07-24,100.63,100.64,100.63,100.64,14982439
SGOV,2026-07-27,100.64,100.65,100.64,100.65,15942202
SGOV,2026-07-28,100.65,100.66,100.65,100.66,16048879
SGOV,2026-07-29,100.67,100.68,100.66,100.68,16931155
SGOV,2026-07-30,100.68,100.69,100.68,100.69,23298901
SGOV,2026-07-31,100.71,100.72,100.71,100.71,28605375
SGOV,2026-08-03,100.425,100.43,100.42,100.42,35522757
SGOV,2026-08-04,100.425,100.43,100.42,100.43,25526816
SGOV,2026-08-05,100.44,100.45,100.44,100.45,21347101
SGOV,2026-08-06,100.455,100.46,100.45,100.46,18761248
SGOV,2026-08-07,100.4801,100.49,100.48,100.48,20930495
SGOV,2026-08-10,100.498,100.5,100.49,100.5,18970528
SGOV,2026-08-11,100.51,100.51,100.5,100.51,14663539
SGOV,2026-08-12,100.51,100.52,100.51,100.52,21273258
SGOV,2026-08-13,100.52,100.53,100.52,100.53,15134713
SGOV,2026-08-14,100.56,100.56,100.55,100.56,15620924
SGOV,2026-08-17,100.565,100.57,100.56,100.56,18951877
SGOV,2026-08-18,100.57,100.58,100.57,100.57,18806581
SGOV,2026-08-19,100.58,100.59,100.58,100.59,20087708
,2026-08-20,100.598,100.6,100.59,100.59,19762442
,2026-08-21,100.62,100.63,100.62,100.63,18794251
,2026-08-24,100.638,100.64,100.63,100.64,19292740
,2026-08-25,100.645,100.65,100.64,100.64,18014009
,2026-08-26,100.65,100.66,100.65,100.65,14591625
,2026-08-27,100.66,100.67,100.66,100.66,19761766
,2026-08-28,100.7,100.7,100.69,100.69,24110387
,2026-08-31,100.695,100.7,100.69,100.69,33942160
,2026-09-01,100.405,100.41,100.4,100.41,43943701
,2026-09-02,100.41,100.42,100.41,100.42,21524705
,2026-09-03,100.43,100.43,100.42,100.43,21303411
