seed,final_equity,max_drawdown_pct
0,10601.77084432886,-36.13840417952568
1,4980.903198541283,-45.436980097830535
2,7114.949097402456,-36.84626818602077
3,5699.778240600526,-39.10725334817156
4,6376.168139990989,-39.678009456199014
5,5050.163117155985,-48.7995382586711
6,6871.399906188592,-39.250437060501156
7,4892.243683999041,-32.6832540249743
8,9135.025797086846,-45.39287554122474
9,10498.005862691605,-31.341365756861755
10,5047.735034242924,-44.49816458255366
11,12240.773070585466,-38.28194189697448
12,6280.377635891409,-37.87736765824019
13,5336.954790408748,-43.62978923490494
14,8542.958023762978,-46.46713787973621
15,6410.395014612259,-36.85741419273939
16,7239.63140214475,-38.76917482194159
17,5944.325286546715,-42.52018297031199
18,10377.429827445547,-36.049798223732346
19,8230.651443100965,-36.546479253347286
20,4187.106900684681,-41.979304512292146
21,3420.351664999321,-38.020933013940045
22,4065.9737168221486,-41.857838282485545
23,5409.499027520807,-40.50593413088134
24,4765.390999611016,-44.05190764558321
25,9513.700686559778,-49.029031386313086
26,4807.693169357154,-45.3831369660131
27,5595.94512060131,-40.60450816051195
28,5709.016349771197,-41.253569684050284
29,6785.4674029215985,-46.71743159157934
30,5248.391955367098,-38.971546875055786
31,4614.224448127059,-42.57078028846566
32,5496.933803002049,-42.09320176936692
33,8100.061951762075,-44.234275587547984
34,9945.682906854572,-34.5226784035421
35,5357.991736482877,-37.17234016547873
36,7033.503597935734,-39.53863474996576
37,5829.48809501989,-42.11755334878762
38,4409.198921773829,-43.237046144350785
39,6607.300244138474,-37.19457917606542
40,8653.905377660436,-43.07789316080656
41,8215.771739375681,-39.8102363008776
42,11301.786491160372,-39.59282139012372
43,7445.771734672226,-42.30560206470753
44,4581.976550799761,-37.35532429229021
45,9240.12145949923,-30.871747391582115
46,4625.04672095747,-37.21294723621318
47,3490.990518238731,-43.44216698201399
48,6028.074134841809,-41.93384970592789
49,6570.563992210059,-42.29392495031707
50,6990.484747356808,-36.185762264818585
51,6770.365906694529,-37.79554082243595
52,5204.066790833452,-35.29605327756406
53,10134.819020910307,-40.31416712801274
54,4703.620205735484,-44.19696378540968
55,7173.131217838264,-41.87125017404851
56,5939.074570119722,-45.90848819485076
57,8098.808486781744,-49.682465020640265
58,8185.288256200127,-34.93016979652277
59,5024.3264821365165,-41.10160921144438
60,9531.851101889048,-39.51528000257837
61,5859.1886002054425,-45.7752538171345
62,5610.652344376079,-49.28569943313627
63,8803.744416986894,-38.5915273335462
64,6799.440292043476,-46.795991692680055
65,9904.929324774394,-46.49176387686177
66,5488.610316352405,-44.172602051860196
67,8718.527982520896,-41.7326367584601
68,5866.583078938342,-38.23859103824464
69,5468.488174295046,-38.56836172281928
70,4842.781881708921,-43.04770016246175
71,5541.470328535665,-48.3389392326753
72,6055.996798189072,-43.414830290105286
73,6696.290668913741,-37.01604682111479
74,7925.266942153435,-39.923845020014035
75,6857.270827114057,-36.31035546481451
76,6356.690232349603,-30.078001876377563
77,5576.9614380960265,-43.27538653467439
78,7779.095615093648,-36.76278837757066
79,4258.823612909383,-39.66724222247242
80,9305.731982521707,-34.83001444610498
81,6649.249380623482,-41.60836653362048
82,5792.450919019308,-40.756066686014286
83,10056.127068167532,-41.308859507210535
84,8228.398297436459,-40.1334463259652
85,5321.3746107399475,-38.24741119995398
86,3883.878962588544,-37.35290743451171
87,8747.706299137282,-39.09444184837415
88,7434.149734603178,-41.43072500385989
89,4337.849001123159,-44.91565113345962
90,6868.298648522269,-36.4813072382793
91,10632.709124535952,-42.03250436762236
92,5164.980962785907,-40.88429942093059
93,6409.979063520345,-46.776930951948025
94,5808.356728903785,-40.284845762460996
95,7717.479514614419,-45.09509884429612
96,9293.471843390324,-40.07828914815171
97,4321.344012465853,-47.95578355028186
98,9733.777236824679,-44.767220547223054
99,8319.640990982693,-39.665777670429925
100,9394.412156350272,-36.93601073898042
101,6337.419418705522,-50.61008008842474
102,8347.986578800164,-40.74158987610713
103,10792.581339292716,-37.36987318823695
104,4414.1240716666725,-33.20460588859828
105,7834.776861167424,-40.70383029720536
106,6250.752491659807,-37.62822798037295
107,8353.924379150403,-45.01528014225564
108,6958.039574661601,-37.86418406560001
109,6044.279736529859,-38.18491850716036
110,5038.480956014742,-40.848952470234714
111,4373.310108602906,-39.78938773711934
112,5107.008228891205,-47.52983709484076
113,5807.798036738125,-39.21413353141974
114,8760.099731701945,-39.4614438395853
115,4971.1375630160555,-40.70732271071208
116,8012.547888607455,-39.19052568151895
117,9047.632301845928,-39.959390859356155
118,6361.4564637471,-43.610064722700606
119,6449.836768840968,-33.13700501160991
120,7649.2602974006,-39.27770939123894
121,6207.841180226383,-46.20065032038848
122,5980.341220979753,-42.561357128323564
123,8502.55116273747,-41.740958552701215
124,6389.248770909852,-37.71762949796907
125,8017.414243977716,-35.95808577212501
126,8067.440850265679,-43.797937927475964
127,6330.735530693003,-42.0954047508006
128,8200.83252754643,-51.52566129002345
129,4524.270829523857,-41.03081580131727
130,5690.627396672667,-47.4497818851282
131,10845.737713163353,-39.28204091123484
132,9849.797365370487,-42.286059528623746
133,10934.797496074036,-37.21347858843257
134,8711.423714930937,-34.753088188638095
135,8890.73247311822,-38.85885832855846
136,3924.692601233637,-39.230064988754116
137,8517.212988150535,-36.19726495499441
138,7345.691503480583,-44.68857174927907
139,18759.192051057697,-38.20815219021457
140,7387.73858382742,-47.824713302872645
141,3599.091667627386,-37.58686116123563
142,6340.559935009459,-43.312517525984184
143,10939.7866874704,-34.42151999167542
144,4997.982035773105,-39.402690810925115
145,4815.316849460115,-42.78658296471257
146,5086.153670858667,-48.82467068649573
147,7315.870011188642,-36.29263273007031
148,13163.45635861353,-40.06824284322581
149,7530.3197281850535,-38.75612859966968
150,6157.2838827000205,-36.04794386121715
151,6263.50224563809,-43.306807889152324
152,8282.646650715631,-41.45833093125334
153,4801.613980006257,-47.178506534722004
154,5439.814236335565,-38.908977344413294
155,7785.71191925925,-43.80824063595532
156,6471.491163960868,-37.79007521122358
157,7019.725421879206,-46.68410623258682
158,5290.666411602606,-41.697223830118126
159,6084.189811012347,-42.60268964936723
160,4897.018122948995,-42.03046501390504
161,4239.926750950028,-46.035753407872065
162,7185.184065004694,-39.74652339799037
163,6524.843155519287,-40.86520183929036
164,9614.905313396808,-40.997229131002314
165,7312.626682905538,-41.43196849108412
166,5254.048446090808,-46.51150047401455
167,4276.708550243775,-45.525882108365565
168,5378.137936320139,-48.97970820405039
169,7073.570572500308,-39.09531888257939
170,6473.701514531363,-42.111119898547436
171,6810.544845346878,-41.23257984888007
172,5371.7814783859,-43.28335531420665
173,7123.743087485892,-36.04154317842412
174,8015.0646348204855,-42.32133828974682
175,5437.753132945694,-33.674795205574696
176,4866.231744036337,-39.65210626900246
177,6941.164158007809,-42.19878507198711
178,9762.967597322542,-40.63973579241533
179,10513.019517430395,-40.029318670598066
180,7179.107273309682,-30.952751967682847
181,5447.591699783749,-40.25025075684825
182,11154.106896672514,-31.55109298503247
183,5492.095629376599,-36.741741823343524
184,5544.237372705202,-43.26349935754513
185,6552.152325513832,-47.289496873641035
186,6383.402540728482,-37.50937290277072
187,7093.488698776748,-36.477685831209605
188,4963.635108651798,-37.79914010050277
189,4371.712549662007,-43.53936124755119
190,11707.053564589969,-35.493565441356935
191,6428.324987585859,-40.047433094367065
192,10741.066882694815,-37.383367687218076
193,6316.214460016898,-45.32782113897144
194,6587.591035651867,-40.20288755346067
195,8610.242264341361,-42.14618644893133
196,5511.808944869771,-49.234770999342956
197,4450.837674231488,-42.97634334260877
198,6305.620103406835,-38.920711672710866
199,6635.766987960976,-41.67453894979559
200,7674.907190537423,-43.527280889784755
201,7752.5626339746495,-37.87590361156122
202,5728.565935861266,-39.26347771025804
203,6188.259140320623,-40.200888590109095
204,6894.245362597984,-38.884523494722615
205,9761.522172845633,-36.35352693552125
206,4969.416463565167,-38.93311379720485
207,6163.374072371485,-38.32024013630334
208,10519.103927890965,-37.23297357346078
209,6669.239653674017,-37.50657143172943
210,6972.18461791395,-41.91280736269179
211,5503.459625472579,-38.87970520948889
212,7766.300491514045,-44.529792875979936
213,9233.973664573112,-33.368801812374436
214,5056.851815173582,-39.411506028746686
215,6532.336173768867,-38.02756922526333
216,5698.843117399072,-35.52781089739662
217,6413.428250513107,-42.769325988623535
218,5929.708652061732,-37.314752305902076
219,3758.1892757245964,-39.37940913408629
220,6148.0921642817275,-39.46167819238627
221,6029.717924651046,-38.36804544329783
222,4452.243199195056,-35.92648077090293
223,6959.847211210804,-42.102777680459845
224,5579.304721043574,-40.87229363313096
225,8752.112222409321,-42.92397208100027
226,8523.376487639534,-42.221763253231885
227,9608.325847205946,-41.05472810939458
228,8515.636201536496,-34.50759417194848
229,3335.280342786752,-42.81647043570093
230,7037.500670405007,-43.0001062046088
231,8947.98942176051,-41.47938401860768
232,9850.256803016882,-44.507882737276766
233,5425.945081206706,-39.982938143185635
234,9187.206041885527,-37.24163985735782
235,7938.575743687474,-41.50042875157113
236,5883.432944671924,-42.28616129174919
237,4591.321049878778,-38.03228425820178
238,5602.831733214399,-39.81463785087974
239,11087.378978593146,-38.102969391370486
240,9081.35367312098,-42.81401676273074
241,3872.94380189602,-44.56251267265217
242,7236.5390625692025,-41.61919503763172
243,7157.102420767711,-39.3781875478119
244,7126.791542288655,-39.43538804478298
245,5348.465094061489,-40.4445519918724
246,9244.47056922205,-41.67184500209698
247,8464.47333245286,-38.826644143125996
248,4817.539171595428,-45.630830795763956
249,7756.632171309106,-34.08282053640302
250,10107.630193692923,-36.5082876863738
251,6733.214725792729,-36.52269661759118
252,5708.376689962957,-42.23590791153944
253,5657.726690668055,-44.23260907025863
254,9193.029892684737,-38.55054240617632
255,9741.008539238857,-47.129834568900485
256,7036.612305031985,-40.209164614302665
257,8962.765175855986,-41.82765474502175
258,4423.634866770169,-40.37747662014457
259,8357.12586074997,-38.50140473446636
260,12440.32999972649,-35.612966616508665
261,5603.6445682844205,-40.72770205349362
262,5336.508261154538,-37.015211669232556
263,8325.246317658572,-48.57378202098483
264,4452.592298887246,-42.79033721323022
265,8127.73105784155,-44.617194586157524
266,4040.629931146853,-47.19063523736518
267,5684.999297946865,-30.37199557482791
268,10940.538098213765,-46.75297376183483
269,7445.112932508884,-43.92115082225082
270,9306.579891385569,-37.62618213607588
271,8195.313424765547,-36.851200377730905
272,6363.142335618162,-40.65264162619426
273,4368.324598224573,-37.43075611430701
274,6176.483234546617,-40.06798981766941
275,4574.375063722968,-46.64194958294899
276,4311.639711307755,-49.518562057831616
277,5033.40840371577,-46.190886942195135
278,4695.301659860292,-46.644726124756566
279,6670.63114817486,-38.051547227228525
280,4604.322820007571,-46.197991221851204
281,9408.29872568257,-39.096006683684585
282,4436.830801754963,-37.17394313117472
283,4208.213567744532,-41.170690612704334
284,10653.673427458973,-41.620145365337905
285,9080.37810811289,-50.439358546183946
286,7658.692968164591,-37.710001229878756
287,7943.935944399542,-44.63520387882875
288,4561.263467837338,-40.09663453946343
289,8352.032800285466,-39.12276175527893
290,4576.940004164843,-51.50720812719866
291,3722.976473630245,-45.04482397587937
292,6424.294006430436,-39.56320230068807
293,6017.677682268696,-37.08626935510216
294,5538.958482483386,-48.869383135866954
295,13299.938821312362,-37.57864829994587
296,5121.436136684626,-37.88048518825328
297,4886.936311797638,-45.10630982783263
298,6700.456278769031,-42.82644724145569
299,11351.517234280935,-38.2840735779583
