system,symbol,entry_date,entry_price,stop,current_price,bars_held,unrealized_r_mult,unrealized_usd
TOM,BTCUSD,2026-08-25,78982.266,75327.8156,80283.24,1,0.356,1.42
TOM,EEM,2026-08-25,66.84,64.3311,67.25,0,0.163,0.65
TOM,EURUSD,2026-08-25,1.1667,1.1587,1.1656,1,-0.137,-0.55
RSI2,QQQ,2026-08-19,720.39,695.8778,710.72,5,-0.394,-1.58
TOM,QQQ,2026-08-25,711.22,688.6549,710.72,0,-0.022,-0.09
TOM,SPY,2026-08-25,766.16,752.7593,764.715,0,-0.108,-0.43
TOM,TLT,2026-08-25,83.105,81.7581,83.47,0,0.271,1.08
TOM,USDJPY,2026-08-25,159.077,157.2871,159.265,1,0.105,0.42
TOM,XLE,2026-08-25,62.2,59.8447,62.06,0,-0.059,-0.24
